FA22-BSMath-1,Set Theory and Logic,1,1000,MT Dr Manzoor,C2.3
FA22-BSMath-1,ECC,1,10000,VS Ms Madeeha Dastageer,B10
FA22-BSCVE-B6,English Comprehension and Composition,1,10,CVE Saima Batool,W2
FA22-BSCVE-B6,Engineering Mechanics,1,1000,CVE Engr. Hiba Arshad,Engineering Mechanics Lab
FA21-BSCVE-B5,Plane Surveying,1,10000,CVE Engr. Tafheem Abbas,A3
FA21-BSCVE-B5,Professional Ethics,1,100,CVE Engr. Bilal Rafiq,A3
FA21-BSCVE-B5,Mechanics of Solids-I,1,1000,CVE Engr. Shad Muhammad,A1.3
FA21-BSCVE-B5,Mechanics of Solids-I,1,1,CVE Engr. Shad Muhammad,B13
FA21-BSCVE-B5,Introduction to Architecture and Town Planning,1,10,CVE Engr. Shad Muhammad,W1
FA20-BSCVE-B4,Statistics and Probability Theory,1,1,MS Ms Sonia,B8
FA20-BSCVE-B4,Properties of Concrete,1,100,CVE Engr. Hiba Arshad,Civil Engineering Materials Lab
FA19-BSCVE-B3,Final Year Project (Part I),1,10000,TBD,
FA19-BSCVE-B3,Reinforced Concrete Design-II,1,100,CVE Engr. Fayyaz Ulhaq,A2.1
FA19-BSCVE-B3,Reinforced Concrete Design-II,1,10,CVE Engr. H. M. Sohaib Yasin,C lab5
FA22-BS(BCHM)-B1,Introduction Biochemistry,1,10000,BI Ms Areeba,C1.2
FA22-BS(BCHM)-B1,Introduction to Computing,1,100,EE Ms Maham,C1.3
FA22-BS(BCHM)-B1,Introduction Biochemistry,1,1,BI Dr Farrukh,A1
FA22-BS(BCHM)-B1,Introduction to Computing,1,10,EE Ms Maham,A2.2
FA21-BSBI-B25,Communication Skills,1,10010,MS Mr Bilal Mian,B13
FA21-BSBI-B25,Linux for Biological Sciences,1,100,BI Ms Anum,C Lab1
SP21-BSBI-B24,Introduction to Bioinformatics,1,10,BI Dr Adnan,A1.1
SP21-BSBI-B24,Introduction to Management,1,1000,MS Mr Suhail Qureshi,B14
SP21-BSBI-B24,Object Oriented Programming,1,100,EE Mr Munawar,CAD CAM Lab
FA20-BSBI-B23,New product development,1,10,MS Dr Rahib,B4
FA20-BSBI-B23,New product development,1,1,MS Dr Rahib,B7
FA20-BSBI-B23,Developmental Biology,1,10000,BI Ms Rabia,Bio Lab
SP20-BSBI-B22,Structural and Functional Bioinformatics,1,10000,BI Mr Saad,C1.1
SP20-BSBI-B22,Structural and Functional Bioinformatics,1,10,BI Mr Saad,A1
SP20-BSBI-B22,Bioinformatics Scripting,1,1,BI Ms Tamsila,A1.1
SP20-BSBI-B22,Bioinformatics Scripting,1,100,BI Ms Hajira,MS Lab
SP20-BSBI-B22,Structural and Functional Bioinformatics,1,1000,BI Ms Anum,Cisco Lab
FA19-BSBI-B21,Statistical Methods in Biology,1,10,MT Mr Fakhar,C3
FA19-BSBI-B21,Bioinformatics Software Development,1,1,EE Dr Tariq Shahzad,A2.1
FA19-BSBI-B21,Web Engineering,1,100,EE Dr Waqas,W3
FA19-BSBI-B21,Bioinformatics Software Development,1,1000,BI Dr Adnan,C Lab1
FA19-BSBI-B21,Web Engineering,1,10000,TBD  1,DigitalLab
FA22-FSN-B9,Introduction to Food Sciences and Nutrition,1,1,BI Dr Adnan,C4
FA22-FSN-B9,English Comprehension and Composition,1,1100,VS Ms Madeeha Dastageer,B8
SP22-FSN-B8,Food Saftey and Security,1,1000,BI Ms Tamsila,C1.1
SP22-FSN-B8,Cereal Science,1,100,BI Dr Farrukh,C2.4
FA21-FSN-B7,Communication Skills,1,10010,MS Mr Bilal Mian,B13
FA21-FSN-B7,Food Analysis,1,1000,BI Ms Anusha,Bio Lab
FA21-FSN-B7,Techniques in Food Processing and preservation,1,100,BI Ms Anusha,FSN Lab
SP21-FSN-B6,Food Fermentation and Biotechnology,1,1,BI Dr Hammad,C1.2
SP21-FSN-B6,Introduction to Management,1,1000,MS Mr Suhail Qureshi,B14
SP21-FSN-B6,Nutritional Quality Management,1,100,BI Dr Wasim,W1
SP21-FSN-B6,Food Fermentation and Biotechnology,1,10000,BI Mr Imran,FSN Lab
FA20-FSN-B5-A,Food Laws and Regulations,1,100,BI Dr Shahzad Saleem,C4
FA20-FSN-B5-A,New product development,1,10,MS Dr Rahib,B4
FA20-FSN-B5-A,New product development,1,1,MS Dr Rahib,B7
FA20-FSN-B5-B,Food Laws and Regulations,1,10000,BI Dr Shahzad Saleem,A1
FA20-FSN-B5-B,Poultry and egg processing,1,100,BI Dr Asif,W2
FA20-FSN-B5-B,Food Process Engineering,1,10,BI Ms Anusha,Bio Lab
FA20-FSN-B5-B,Poultry and egg processing,1,1,BI Mr Imran,FSN Lab
FA20-FSN-B5-B,Sensory Evaluation of Foods,1,1000,BI Ms Kanza,FSN Lab
SP20-FSN-B4,Sea Food Resources and Processing,1,10,BI Dr Azhar,C1
SP20-FSN-B4,Nutrition in Emergency,1,1000,BI Dr Abrar,C1
SP20-FSN-B4,Community Nutrition,1,10000,BI Dr Zeshan,B4
SP20-FSN-B4,Nutritional Counselling,1,1,BI Ms Anusha,Bio Lab
FA19-FSN-B3-A,Processing of Fruits and Vegetables,1,1000,BI Dr Asim,C5
FA19-FSN-B3-A,Food Microbiology,1,1,BI Dr Ibrahim,C1.1
FA19-FSN-B3-A,Sugar and Beverage Technology,1,10000,BI Dr Wasim,C1.3
FA19-FSN-B3-A,Processing of Fruits and Vegetables,1,10,BI Dr Asim,FSN Lab
FA19-FSN-B3-B,Functional and Nutraceutical Foods,1,1,BI Mr Saad,C1
FA19-FSN-B3-B,Functional and Nutraceutical Foods,1,1000,BI Mr Saad,B13
FA19-FSN-B3-B,Food Microbiology,1,100,BI Mr Imran,Bio Lab
FA22-BSME-B18-A,Calculus I,1,10,ME Mr. Muzammil Hussain,C1.2
FA22-BSME-B18-A,Calculus I,1,100,ME Mr. Muzammil Hussain,C2.5
FA22-BSME-B18-A,Engineering Drawing and Graphics,1,1,ME Mr. Ali Zahid,DRAWING HALL
FA22-BSME-B18-A,Engineering Drawing and Graphics,1,1,ME Mr. Ghulam Mustafa,DRAWING HALL
FA21-BSME-B17-A,Pakistan Studies,1,1000,ME Mr. Naveed Ahmad,W4
FA21-BSME-B17-A,Thermodynamics,1,1,ME Mr. Zafar Farooq,Thermo Lab
FA21-BSME-B17-A,Thermodynamics,1,1,ME Mr. Muhammad Nawaz,Thermo Lab
FA20-BSME-B16-A,Numerical Computations,1,1000,ME Dr. Tauqeer Anwar,A3
FA20-BSME-B16-A,Mechanics of Machines I,1,10,ME Mr. Salman Nawaz,A1.2
FA20-BSME-B16-A,Electric Machines,1,1,ME Mr. Muzammil,W4
FA19-BSME-B15-A,Advanced Material Processing,1,1,ME Mr. Naveed Ahmad,W3
FA19-BSME-B15-B,CAD  CAM (1hr),1,1,ME Mr. Khawar Hussain,C2.4
FA19-BSME-B15-B,Mechanical Vibrations,1,100,ME Mr. Khawar Hussain,A2.8
SP19-BCS-8-A,Professional Practics for IT,1,100,EE Mr Hafiz Zeeshan,A2.2
FA19-BCS-7-A,Human Computer Interaction,1,10000,CS Ms. Raheela Shahzadi,C3
FA19-BCS-7-A,Compiler Construction,1,1000,CS Ms. Zamzam Darwesh,C Lab4
FA19-BCS-7-B,Computer Vision,1,100,CS Ms. Raheela Shahzadi,C1.4
FA19-BCS-7-B,Artificial Intelligence,1,1000,CS Ms. Tahreem Saeed,A2.1
FA19-BCS-7-B,Compiler Construction,1,10,CS Ms. Zamzam Darwesh,C Lab1
FA19-BCS-7-B,Artificial Intelligence,1,1,CS Ms. Tahreem Saeed,Cisco Lab
SP20-BCS-6-A,Electricity Magnetism and Optics,1,1,EE Mr Rao Kashif,FYP Lab
SP20-BCS-6-B,Electricity Magnetism and Optics,1,1,EE Mr Rao Kashif,FYP Lab
FA20-BCS-5-A,Game Development,1,10,CS Mr. Ali Sher Kashif,C4
FA20-BCS-5-A,Introduction to the ICT,1,10000,EE Ms Maham,A2.1
FA20-BCS-5-A,Operating Systems,1,100,EE Mr Amir Sabri,C Lab2
FA20-BCS-5-B,Operating Systems,1,1,CS Dr. Muhammad Shoaib,C3
FA20-BCS-5-B,Game Development,1,100,CS Mr. Ali Sher Kashif,A1
FA20-BCS-5-B,Introduction to the ICT,1,10,EE Dr Talha Younas,W3
FA20-BCS-5-B,Operating System,1,1000,EE Mr Amir Sabri,C lab5
FA20-BCS-5-B,Data Communication and Computer Networks,1,10000,EE Asad Ali Khan,Cisco Lab
FA20-BCS-5-C,Game Development,1,10,CS Mr. Ali Sher Kashif,C4
FA20-BCS-5-C,Operating Systems,1,10000,CS Ms. Uzma Latif,C2.2
FA20-BCS-5-C,Data Communication and Computer Networks,1,1,EE Ms Maham,C2.3
FA20-BCS-5-C,Data Communication and Computer Networks,1,1000,EE Asad Ali Khan,C Lab2
FA20-BCS-5-C,Introduction to the ICT,1,100,EE Mr Asim Noon,C lab5
SP21-BCS-4-A,Database Systems I,1,100,CS Mr. Tariq Rafiq,C2.3
SP21-BCS-4-A,Data Structures,1,1,CS Ms. Rabail Asghar,C Lab2
SP21-BCS-4-A,Microprocessor and Assembly Language,1,1000,EE Mr Abdul Khaliq,CAD CAM Lab
SP21-BCS-4-B,Database Systems I,1,10,CS Mr. Shahzad Ahmad,C Lab2
SP21-BCS-4-B,Microprocessor and Assembly Language,1,1000,EE Mr Abdul Khaliq,CAD CAM Lab
FA21-BCS-3-A,Calculus and Analytical Geometry,1,1000,MT Dr Amar Rauf,C2
FA21-BCS-3-A,Calculus and Analytical Geometry,1,100,MT Dr Amar Rauf,C1.1
FA21-BCS-3-A,Software Engineering Concepts,1,10,CS Mr. Muhammad Usman Nasir,C2.2
FA21-BCS-3-A,Software Engineering Concepts,1,1,CS Mr. Muhammad Usman Nasir,C2.5
FA21-BCS-3-B,Calculus and Analytical Geometry,1,1,MT Ms Shaheen,C5
FA21-BCS-3-B,Calculus and Analytical Geometry,1,10,MT Ms Shaheen,C1.1
FA21-BCS-3-B,Software Engineering Concepts,1,10000,CS Mr. Muhammad Usman Nasir,W3
FA21-BCS-3-C,Communication Skills,1,1000,MS Mr Zia Hassan,B12
FA21-BCS-3-C,Digital Logic Design,1,100,EE Mr Waqar Tahir,DLD Lab
FA21-BCS-3-D,Digital Logic Design,1,1000,EE Dr Musab,C2.4
FA21-BCS-3-D,Communication Skills,1,100,ME Dr. Tauqeer Anwar,B6
FA21-BCS-3-D,Digital Logic Design,1,10,EE Mr Ahsan Maqsood,DLD Lab
SP22-BCS-2-A,Introduction to Business,1,1000,MS Ms Sonia,B6
SP22-BCS-2-A,Introduction to Business,1,10000,MS Ms Sonia,B7
SP22-BCS-2-B,Calculus-I,1,1000,MT Dr Sami Ullah,C4
SP22-BCS-2-B,Digital Logic Design,1,10000,EE Mr Khalid Majeed,C1.4
SP22-BCS-2-B,Calculus-I,1,100,MT Dr Sami Ullah,B5
SP22-BCS-2-B,Introduction to Business,1,10,MS Ms Sonia,B7
SP22-BCS-2-B,Digital Logic Design,1,1,EE Mr Ahsan Maqsood,DLD Lab
SP22-BCS-2-C,Digital Logic Design,1,100,EE Mr Khalid Majeed,C1
SP22-BCS-2-C,Programming Fundamentals,1,1000,CS Mr. Syed Ameer Ahmed,W1
SP22-BCS-2-C,Digital Logic Design,1,10000,EE Mr Ahsan Maqsood,DLD Lab
SP22-BCS-2-D,Discrete Structures,1,100,MT Mr Omer,C1.2
SP22-BCS-2-D,Programming Fundamentals,1,10000,CS Mr. Syed Ameer Ahmed,A1.2
SP22-BCS-2-D,Calculus-I,1,1000,MT Dr Hameed Ullah,A2.8
SP22-BCS-2-D,Introduction to Business,1,1,MS Ms Abida Parveen,B5
FA22-BCS-1-A,Introduction to the ICT,1,1,EE Mr Abdul Khaliq,C1.4
FA22-BCS-1-A,Applied Physics for Engineers,1,1000,EE Dr Aftab,A1
FA22-BCS-1-B,Mathematics I,1,1000,MT Dr Asma,C2.2
FA22-BCS-1-B,ECC,1,1,CVE Saima Batool,B3
FA22-BCS-1-B,Applied Physics for Engineers,1,100,EE Ms Sabeen,B14
FA22-BCS-1-C,Applied Physics for Engineers,1,1,EE Ms Nayab,A2.2
FA22-BCS-1-C,Applied Physics for Engineers,1,100,EE Ms Nayab,W4
FA22-BCS-1-D,Introduction to the ICT,1,1,EE Mr Munawar,W2
FA22-BCS-1-D,Introduction to the ICT,1,1000,EE Mr Munawar,W3
FA22-BCS-1-D,Applied Physics for Engineers,1,100,EE Mr Rao Kashif,PhyLab
FA19-BSE-7-A,Software Project Management,1,100,CS Ms. Mubeen Javed,C5
FA19-BSE-7-A,Machine Learning,1,1000,CS Dr. Muhammad Azhar,C1.3
FA19-BSE-7-A,Software Project Management,1,10000,CS Ms. Aniqa Khawar,C Lab4
FA19-BSE-7-A,Human Computer Interaction,1,1,CS Ms. Amina Hussain,CAD CAM Lab
SP20-BSE-6-A,Software Design Architecture,1,1000,CS Ms. Mubeen Javed,C2.5
SP20-BSE-6-A,Software Project Management,1,100,CS Ms. Aniqa Khawar,C Lab4
SP20-BSE-6-A,Software Project Management,1,10,CS Ms. Aniqa Khawar,Cisco Lab
FA20-BSE-5-A,Statistics and Probability Theory,1,10,MT Ms Nosheen Ramzan,C2.3
FA20-BSE-5-A,Introduction to Business,1,10000,MS Mr Suhail Qureshi,B5
FA20-BSE-5-A,Web Technologies,1,1,CS Ms Zunaira Mustafa,C Lab1
FA20-BSE-5-B,Statistics and Probability Theory,1,10000,MT Ms Nosheen Ramzan,C1
FA20-BSE-5-B,Design Patterns,1,1000,CS Ms. Uzma Latif,W2
FA20-BSE-5-B,Design Patterns,1,10,CS Ms Azka,C Lab4
FA20-BSE-5-B,Operating System concepts,1,100,CS Mr. Muhammad Shafqat,Cisco Lab
FA20-BSE-5-C,Operating System concepts,1,100,CS Mr. Muhammad Umar,C2
FA20-BSE-5-C,Design Patterns,1,10,CS Dr. Muhammad Farhan,C2
FA20-BSE-5-C,Design Patterns,1,1000,CS Dr. Muhammad Farhan,C3
FA20-BSE-5-C,Operating System concepts,1,10000,CS Mr. Muhammad Shafqat,C Lab3
SP21-BSE-4-A,Multivariable Calculus,1,10,MT Dr Amar Rauf,C2.5
SP21-BSE-4-A,Game Development,1,1000,CS Mr. Ali Sher Kashif,A2.2
SP21-BSE-4-A,Database Systems I,1,1,CS Mr. Tariq Rafiq,W1
SP21-BSE-4-A,Game Development,1,100,CS Ms Azka,C Lab3
SP21-BSE-4-A,Data Structures,1,10000,CS Ms. Rabail Asghar,MS Lab
FA21-BSE-3-A,Data Communication and Computer Networks,1,100,EE Mr Asif Imran,C3
FA21-BSE-3-A,Introduction to Software Engineering,1,1000,CS Mr. Muhammad Ahmad,C1.2
FA21-BSE-3-A,Data Communication and Computer Networks,1,10,EE Mr Asif Imran,C1.4
FA21-BSE-3-A,Introduction to Software Engineering,1,10000,CS Mr. Muhammad Ahmad,W2
FA21-BSE-3-B,Data Communication and Computer Networks,1,100,EE Mr Asif Imran,C3
FA21-BSE-3-B,Data Communication and Computer Networks,1,10,EE Mr Asif Imran,C1.4
FA21-BSE-3-B,Linear Algebra,1,1000,MT Dr Najma,C1.4
FA21-BSE-3-C,Object Oriented Programming,1,100,CS Mr. Syed Nasir Mehdi,A1.2
FA21-BSE-3-C,Data Communication and Computer Networks,1,11,EE Asad Ali Khan,C Lab3
FA21-BSE-3-C,Object Oriented Programming,1,1000,CS Ms Zunaira Mustafa,C Lab3
SP22-BSE-2-A,Programming Fundamentals,1,10,CS Mr. Syed Ameer Ahmed,B3
SP22-BSE-2-A,Professional Practics for IT,1,1,EE Mr Hafiz Zeeshan,B11
SP22-BSE-2-A,Communication Skills,1,100,MS Mr Zia Hassan,B12
FA22-BSE-1-A,Applied Physics for Engineers,1,10,EE Mr Rao Kashif,FYP Lab
FA22-BSE-1-A,Introduction to the ICT,1,1,EE Mr Asim Noon,C lab5
FA22-BSE-1-B,Applied Physics for Engineers,1,100,EE Ms Amna,C2.2
FA22-BSEE-B11A,Applied Physics for Engineers,1,1,EE Ms Sabeen,A3
FA22-BSEE-B11A,English Comprehension and Composition,1,100,EE Dr Talha Younas,A1.1
FA21-BSEE-B10A,Linear Algebra,1,10,EE Dr Musab,A3
FA21-BSEE-B10A,Linear Algebra,1,1,EE Dr Musab,A1.2
FA21-BSEE-B10A,Object Oriented Programming,1,100,EE Mr Munawar,CAD CAM Lab
FA20-BSEE-B9A,Power Electronics,1,1000,EE Dr Sohaib,A1.1
FA20-BSEE-B9A,Control Systems,1,101,EE Dr Saqib Saleem,A1.3
FA20-BSEE-B9A,Principles of Communication Systems,1,10,EE Dr Saqlain,A1.3
FA19-BSEE-B8A,Real Time Embedded Systems,1,1000,EE Dr Ghulam Farid,A1.2
SP22-BBA-B30,Business Mathematics I,1,100,MT Ms Nosheen Ramzan,B7
SP22-BBA-B30,Accounting I,1,1000,MS Mr Hafiz Yasir,B9
SP22-BBA-B30,Accounting I,1,10000,MS Mr Hafiz Yasir,B12
FA21-BBA-B29,Business Finance,1,10000,MS Dr Minhas,B8
FA21-BBA-B29,BCW,1,10,MS Mr Badar Iqbal,B8
FA21-BBA-B29,Business Finance,1,100,MS Dr Minhas,B10
SP21-BBA-B28,CA & MAC,1,10000,MS Mr Bilal Lodhi,B9
SP21-BBA-B28,MIS,1,100,MS Dr Waqas,B13
SP21-BBA-B28,MIS,1,1,MS Dr Waqas,MS Lab
FA20-BBA-B27-A),CB,1,100,MS Dr Saqib,B1
FA20-BBA-B27-A),RTT,1,1000,MS Dr HM Arshad,B4
FA20-BBA-B27-A),IFA,1,1,MS Mr Bilal Lodhi,B10
FA20-BBA-B27-A),E-Commerce,1,10,MS Mr Moazzam,MS Lab
FA20-BBA-B27-B),CB,1,100,MS Dr Saqib,B1
FA20-BBA-B27-B),POM,1,1000,MS Mr Haris,B7
FA20-BBA-B27-B),IFA,1,1,MS Mr Bilal Lodhi,B10
SP20-BBA-B26,CB,1,100,MS Dr Saqib,B1
SP20-BBA-B26,GBM,1,1000,MS Mr Shoaib Bajwa,B1
SP20-BBA-B26,IFA,1,1,MS Mr Bilal Lodhi,B10
FA19-BBA-B25,Negotiation,1,1000,MS Mr Ali Kirmani,B11
FA19-BBA-B25,Entrepreneurship,1,10010,MS Dr Salman,B14
SP19-BBA-B24,BM,1,10010,MS Dr Saqib,B1
SP19-BBA-B24,Strategic Management,1,100,MS Dr Muzhar,B3
SP19-BBA-B24,Strategic Management,1,1,MS Dr Muzhar,B4
SP19-BBA-B24,Negotiation,1,1000,MS Mr Ali Kirmani,B11
SP21-BAF-B10,GBM,1,1000,MS Mr Shoaib Bajwa,B1
SP21-BAF-B10,IFA,1,1,MS Mr Bilal Lodhi,B10
FA20-BAF-B9,IBF,1,1,MS Mr Bilal Mian,B9
FA20-BAF-B9,IBF,1,1000,MS Mr Bilal Mian,B10
FA20-BAF-B9,Corporate Finance,1,10,MS Mr Shoaib Sajjad,B12
FA21-MBA-B3,MC & AIMC,1,1,MS Dr Saqib,B1
FA21-MBA-B3,MC & AIMC,1,1000,MS Dr Saqib,B5
FA21-MBA-B3,CA & MAC,1,10000,MS Mr Bilal Lodhi,B9
SP21-MBA-B2,MC & AIMC,1,1,MS Dr Saqib,B1
SP21-MBA-B2,MC & AIMC,1,1000,MS Dr Saqib,B5
SP22-RMS-B15,BM,1,10010,MS Dr Saqib,B1
SP22-RMS-B15,MC & AIMC,1,1,MS Dr Saqib,B1
SP22-RMS-B15,MC & AIMC,1,1000,MS Dr Saqib,B5
FA22-BS(English)-B1,Writing & Presentation Skills ,1,1000,MS Mr Badar Iqbal,B3
FA22-BS(English)-B1,Writing & Presentation Skills ,1,100,MS Mr Badar Iqbal,B9
FA22-BS(English)-B1,ECC,1,10000,VS Ms Madeeha Dastageer,B10
FA22-BSMath-1,Introduction to Computing,2,100,MT Mr Fakhar,C4
FA22-BSMath-1,Introduction to Computing,2,1000,MT Mr Fakhar,C5
FA22-BSMath-1,Set Theory and Logic,2,10000,MT Dr Manzoor,C1.3
FA22-BSCVE-B6,Applied Electricity and Electronics,2,10000,EE Ms Sabeen,C1.1
FA22-BSCVE-B6,Engineering Mechanics,2,10,CVE Engr. M. Yousaf Mushtaq,A3
FA22-BSCVE-B6,Calculus and Analytical Geometry,2,1,MT Dr Afshan,W1
FA22-BSCVE-B6,Engineering Mechanics,2,1000,CVE Engr. Hiba Arshad,Engineering Mechanics Lab
FA22-BSCVE-B6,Engineering Mechanics,2,100,CVE Engr. M. Yousaf Mushtaq,Mechanics Lab
FA21-BSCVE-B5,Soil Mechanics,2,10,CVE Engr. Dr. Ammar Ashraf,A1.1
FA21-BSCVE-B5,Plane Surveying,2,1000,CVE Engr. Tafheem Abbas,W2
FA21-BSCVE-B5,Elementary Fluid Mechanics,2,1,CVE Engr. H. M. Sohaib Yasin,Fluid Mechanics Lab
FA20-BSCVE-B4,Statistics and Probability Theory,2,10000,MS Ms Sonia,B1
FA20-BSCVE-B4,Geotechnical and Foundation Engineering,2,1,CVE Engr. Tafheem Abbas,W2
FA20-BSCVE-B4,Properties of Concrete,2,100,CVE Engr. Hiba Arshad,Civil Engineering Materials Lab
FA19-BSCVE-B3,Final Year Project (Part I),2,1,TBD,
FA19-BSCVE-B3,Quantity Surveying and Cost Estimation,2,10000,CVE Engr. Shad Muhammad,C5
FA19-BSCVE-B3,Irrigation Engineering,2,1000,CVE Engr. Fayyaz Ulhaq,W1
FA19-BSCVE-B3,Reinforced Concrete Design-II,2,10,CVE Engr. H. M. Sohaib Yasin,C lab5
FA22-BS(BCHM)-B1,English Comprehension and Composition,2,1,VS Ms Madeeha Dastageer,C2
FA22-BS(BCHM)-B1,Introduction Biochemistry,2,10000,BI Dr Farrukh,C3
FA22-BS(BCHM)-B1,English Comprehension and Composition,2,1000,VS Ms Madeeha Dastageer,B9
FA22-BS(BCHM)-B1,Organic Chemistry,2,110,BI Dr Farrukh,Engineering Mechanics Lab
FA21-BSBI-B25,Discrete Mathematics,2,10,MT Mr Omer,C5
FA21-BSBI-B25,Introductory Molecular Biology,2,1000,BI Dr Sumaira,C1.4
FA21-BSBI-B25,Linux for Biological Sciences,2,100,BI Ms Anum,C Lab1
FA21-BSBI-B25,Data Structure,2,1,EE Mr Amir Sabri,C Lab4
SP21-BSBI-B24,Fundamentals of Genetics,2,100,BI Dr Sumaira,C5
SP21-BSBI-B24,Fundamentals of Genetics,2,10,BI Dr Sumaira,C1.4
SP21-BSBI-B24,Object Oriented Programming,2,10000,EE Mr Munawar,A1
SP21-BSBI-B24,Object Oriented Programming,2,1000,EE Mr Munawar,A1.2
FA20-BSBI-B23,Biotechnolog,2,10000,BI Ms Tamsila,A2.1
FA20-BSBI-B23,Bioinformatics Analysis,2,1,BI Ms Hajira,C Lab3
FA20-BSBI-B23,Biotechnology,2,100,BI Ms Areeba,Bio Lab
SP20-BSBI-B22,Artificial Intelligence,2,1,EE Mr Asif Imran,C2.4
SP20-BSBI-B22,Modern Programming Languages,2,10000,EE Mr Amir Sabri,C Lab1
SP20-BSBI-B22,Bioinformatics Scripting,2,100,BI Ms Hajira,MS Lab
SP20-BSBI-B22,Structural and Functional Bioinformatics,2,1000,BI Ms Anum,Cisco Lab
FA19-BSBI-B21,Bioinformatics Software Development,2,100,EE Dr Tariq Shahzad,C1.2
FA19-BSBI-B21,Introduction to Genomics and Proteomics,2,1000,BI Dr Qudsia,W4
FA19-BSBI-B21,Web Engineering,2,10000,TBD  1,DigitalLab
FA22-FSN-B9,Introduction to Computing,2,1,EE Dr Ghulam Farid,C1.3
SP22-FSN-B8,Global Food Issues,2,100,BI Dr Hammad,C1.4
SP22-FSN-B8,Global Food Issues,2,10000,BI Dr Hammad,A1.1
SP22-FSN-B8,Introduction to Food Chemistry,2,10,BI Dr Qudsia,B4
FA21-FSN-B7,Fundamental of Biotechnology,2,10,BI Ms Tamsila,A2.2
FA21-FSN-B7,Food Analysis,2,1000,BI Ms Anusha,Bio Lab
FA21-FSN-B7,Techniques in Food Processing and preservation,2,100,BI Ms Anusha,FSN Lab
SP21-FSN-B6,Confectionery and Snack Food,2,1000,BI Dr Farrukh,A1.1
SP21-FSN-B6,Food Fermentation and Biotechnology,2,10000,BI Mr Imran,FSN Lab
FA20-FSN-B5-A,Sensory Evaluation of Foods,2,1000,BI Dr Nadeem,A1
FA20-FSN-B5-A,Food Process Engineering,2,100,ME Dr. Muneeb Qasim,A1.1
FA20-FSN-B5-A,Food Process Engineering,2,10,ME Dr. Muneeb Qasim,A1.3
FA20-FSN-B5-B,Inherited Nutrition Disorder,2,100,BI Dr Zeshan,C2.2
FA20-FSN-B5-B,Food Process Engineering,2,10,BI Ms Anusha,Bio Lab
FA20-FSN-B5-B,Poultry and egg processing,2,1,BI Mr Imran,FSN Lab
FA20-FSN-B5-B,Sensory Evaluation of Foods,2,1000,BI Ms Kanza,FSN Lab
SP20-FSN-B4,Nutritional Counselling,2,10000,BI Dr Adnan,A1.2
SP20-FSN-B4,Metabolism,2,100,BI Dr Hasan,W4
SP20-FSN-B4,Nutritional Counselling,2,1,BI Ms Anusha,Bio Lab
FA19-FSN-B3-A,Food Microbiology,2,1000,BI Dr Ibrahim,C1.2
FA19-FSN-B3-A,Processing of Fruits and Vegetables,2,10,BI Dr Asim,FSN Lab
FA19-FSN-B3-B,Food Toxicology and Safety,2,100,BI Dr Awais,C2.3
FA19-FSN-B3-B,Processing of Fruits and Vegetables,2,1000,BI Dr Asim,C2.3
FA19-FSN-B3-B,Food Microbiology,2,1,BI Dr Ibrahim,A1.2
FA19-FSN-B3-B,Food Toxicology and Safety,2,10000,BI Dr Awais,W4
FA22-BSME-B18-A,Applied Physics for Mechanical Engineers,2,1000,ME Dr. Muhammad Abid,A2.8
FA22-BSME-B18-A,Introduction to Computer Programming,2,10000,ME Ms. Saba Gull,CAD CAM Lab
FA22-BSME-B18-A,Engineering Drawing and Graphics,2,1,ME Mr. Ali Zahid,DRAWING HALL
FA22-BSME-B18-A,Engineering Drawing and Graphics,2,1,ME Mr. Ghulam Mustafa,DRAWING HALL
FA21-BSME-B17-A,Pakistan Studies,2,10000,ME Mr. Naveed Ahmad,C1
FA21-BSME-B17-A,Engineering Dynamics,2,100,ME Mr. Hafeez Ahmad,A1.3
FA21-BSME-B17-A,Thermodynamics,2,1,ME Mr. Zafar Farooq,Thermo Lab
FA21-BSME-B17-A,Thermodynamics,2,1,ME Mr. Muhammad Nawaz,Thermo Lab
FA20-BSME-B16-A,Mechanics of Machines I,2,1,ME Mr. Salman Nawaz,A1.3
FA20-BSME-B16-A,Electric Machines,2,100,ME Mr. Muzammil,A2.1
FA20-BSME-B16-A,Engineering Fluid Mechanics,2,10000,ME Mr. Jawad Abid,Fluid Mechanics Lab
FA20-BSME-B16-A,Engineering Fluid Mechanics,2,10000,ME Mr. Muhammad Nawaz,Fluid Mechanics Lab
FA20-BSME-B16-A,Numerical Computations,2,1000,ME Mr. Aamir Shehzad,CAD CAM Lab
FA19-BSME-B15-A,Mechanical Vibrations,2,10,ME Mr. Khawar Hussain,A1.2
FA19-BSME-B15-A,Mechanism and Mechanical Vibrations,2,100,ME Ms. Sara Batool,Vibrations Lab
FA19-BSME-B15-A,Mechanism and Mechanical Vibrations,2,100,ME Mr. Muhammad Naveed,Vibrations Lab
FA19-BSME-B15-B,CAD CAM,2,10,ME Mr. Ali Zahid,CAD CAM Lab
FA19-BSME-B15-B,Heat Transfer and HVAC,2,1,ME Mr. Muhammad Naveed,HMT Lab
FA19-BSME-B15-B,Heat Transfer and HVAC,2,1,ME Mr. Yasir Raza,HMT Lab
FA19-BSME-B15-B,Mechanism and Mechanical Vibrations,2,1000,ME Mr. Ghulam Mustafa,Vibrations Lab
FA19-BSME-B15-B,Mechanism and Mechanical Vibrations,2,1000,ME Ms. Sara Batool,Vibrations Lab
SP19-BCS-8-A,Electricity Magnetism and Optics,2,100,EE Dr Abuzar,W3
FA19-BCS-7-A,Compiler Construction,2,1,CS Mr. Yawar Abbas Abid,C2.3
FA19-BCS-7-A,Compiler Construction,2,1000,CS Ms. Zamzam Darwesh,C Lab4
FA19-BCS-7-A,Human Computer Interaction,2,100,CS Ms. Amina Hussain,CAD CAM Lab
FA19-BCS-7-B,Compiler Construction,2,10000,CS Mr. Yawar Abbas Abid,A3
FA19-BCS-7-B,Compiler Construction,2,10,CS Ms. Zamzam Darwesh,C Lab1
FA19-BCS-7-B,Artificial Intelligence,2,1,CS Ms. Tahreem Saeed,Cisco Lab
SP20-BCS-6-A,Web Technologies,2,10,CS Ms. Syda Fatima,C2.5
SP20-BCS-6-A,Electricity Magnetism and Optics,2,10000,EE Dr Abuzar,W1
SP20-BCS-6-A,Electricity Magnetism and Optics,2,1,EE Mr Rao Kashif,FYP Lab
SP20-BCS-6-B,Web Technologies,2,10,CS Ms. Syda Fatima,C2.5
SP20-BCS-6-B,Electricity Magnetism and Optics,2,10000,EE Dr Abuzar,W1
SP20-BCS-6-B,Electricity Magnetism and Optics,2,1,EE Mr Rao Kashif,FYP Lab
FA20-BCS-5-A,Computer Architecture,2,10,EE Dr Saqib Saleem,C1.3
FA20-BCS-5-A,Software Design Methodologies,2,1,CS Mr. Ahmad Shaf,C2.2
FA20-BCS-5-A,Operating Systems,2,10000,CS Mr. Muhammad Umar,C2.3
FA20-BCS-5-A,Software Design Methodologies,2,1000,CS Mr. Ahmad Shaf,B6
FA20-BCS-5-A,Operating Systems,2,100,EE Mr Amir Sabri,C Lab2
FA20-BCS-5-B,Data Communication and Computer Networks,2,100,EE Dr Saqlain,A2.8
FA20-BCS-5-B,Operating System,2,10,EE Mr Amir Sabri,Cisco Lab
FA20-BCS-5-B,Data Communication and Computer Networks,2,10000,EE Asad Ali Khan,Cisco Lab
FA20-BCS-5-C,Computer Architecture,2,10,EE Dr Tariq Shahzad,C3
FA20-BCS-5-C,Introduction to the ICT,2,1,EE Dr Talha Younas,B12
FA20-BCS-5-C,Introduction to the ICT,2,1000,EE Mr Asim Noon,MS Lab
SP21-BCS-4-A,Data Structures,2,10,CS Dr. Zafar Iqbal Roy,C2.2
SP21-BCS-4-A,Data Structures,2,1,CS Ms. Rabail Asghar,C Lab2
SP21-BCS-4-B,Data Structures,2,10000,CS Dr. Zafar Iqbal Roy,C2
SP21-BCS-4-B,Data Structures,2,1,CS Dr. Zafar Iqbal Roy,C1.2
SP21-BCS-4-B,Database Systems I,2,10,CS Mr. Shahzad Ahmad,C Lab2
SP21-BCS-4-B,Data Structures,2,1000,CS Ms. Rabail Asghar,C lab5
FA21-BCS-3-A,Object Oriented Programming,2,10,CS Mr. Usman Ali,C1
FA21-BCS-3-A,Communication Skills,2,1,EE Ms Sabeen,C4
FA21-BCS-3-A,Object Oriented Programming,2,100,CS Mr. Usman Ali,C2.4
FA21-BCS-3-A,Object Oriented Programming,2,1000,CS Mr. Usman Ali,C Lab1
FA21-BCS-3-B,Digital Logic Design,2,1000,EE Mr Usman Nasim,C2
FA21-BCS-3-B,Object Oriented Programming,2,10000,CS Mr. Usman Ali,C2.4
FA21-BCS-3-B,Digital Logic Design,2,100,EE Mr Usman Nasim,A1
FA21-BCS-3-B,Communication Skills,2,1,ME Dr. Tauqeer Anwar,B14
FA21-BCS-3-C,Digital Logic Design,2,10,EE Mr Usman Nasim,A1
FA21-BCS-3-C,Digital Logic Design,2,1,EE Mr Usman Nasim,A3
FA21-BCS-3-C,Communication Skills,2,10000,MS Mr Zia Hassan,B13
FA21-BCS-3-C,Digital Logic Design,2,100,EE Mr Waqar Tahir,DLD Lab
FA21-BCS-3-D,Object Oriented Programming,2,1000,CS Mr. Shahzad Ahmad,C Lab3
FA21-BCS-3-D,Digital Logic Design,2,10,EE Mr Ahsan Maqsood,DLD Lab
SP22-BCS-2-A,Programming Fundamentals,2,10,CS Dr. Javed Ferzund,C2
SP22-BCS-2-A,Discrete Structures,2,1000,MT Ms Sana,A1.3
SP22-BCS-2-A,Digital Logic Design,2,100,EE Dr Musab,B11
SP22-BCS-2-A,Programming Fundamentals,2,10000,CS Mr Osama Ahmad,C Lab2
SP22-BCS-2-B,Programming Fundamentals,2,10000,CS Dr. Javed Ferzund,C1.2
SP22-BCS-2-B,Digital Logic Design,2,1000,EE Mr Khalid Majeed,A2.1
SP22-BCS-2-B,Discrete Structures,2,10,MT Ms Sana,W2
SP22-BCS-2-B,Programming Fundamentals,2,100,CS Mr Osama Ahmad,C Lab4
SP22-BCS-2-B,Digital Logic Design,2,1,EE Mr Ahsan Maqsood,DLD Lab
SP22-BCS-2-C,Calculus-I,2,1000,MT Dr Sami Ullah,C1.1
SP22-BCS-2-C,Digital Logic Design,2,10,EE Mr Khalid Majeed,B10
SP22-BCS-2-C,Digital Logic Design,2,10000,EE Mr Ahsan Maqsood,DLD Lab
SP22-BCS-2-D,Digital Logic Design,2,1,EE Mr Khalid Majeed,C2.5
SP22-BCS-2-D,Introduction to Business,2,10,MS Ms Abida Parveen,B9
FA22-BCS-1-A,Introduction to the ICT,2,1,EE Mr Abdul Khaliq,C1.4
FA22-BCS-1-A,Applied Physics for Engineers,2,10,EE Mr Asim Noon,PhyLab
FA22-BCS-1-B,Mathematics I,2,10000,MT Dr Asma,C2.2
FA22-BCS-1-B,Applied Physics for Engineers,2,10,EE Ms Sabeen,A2.1
FA22-BCS-1-B,Introduction to the ICT,2,1,EE Dr Sohaib,A2.1
FA22-BCS-1-B,Introduction to the ICT,2,100,EE Dr Sohaib,A2.2
FA22-BCS-1-B,Applied Physics for Engineers,2,1000,EE Mr Rao Kashif,PhyLab
FA22-BCS-1-C,Introduction to the ICT,2,100,CS Mr. Muhammad Aamir,C1.3
FA22-BCS-1-C,ECC,2,1000,MS Ms Abida Parveen,B7
FA22-BCS-1-C,Mathematics I,2,10,MT Dr Asma,W4
FA22-BCS-1-D,Applied Physics for Engineers,2,10010,EE Ms Nayab,W3
FA22-BCS-1-D,Applied Physics for Engineers,2,100,EE Mr Rao Kashif,PhyLab
SP19-BSE-8-A,Software Testing,2,1000,CS Mr. Muhammad Ahmad,C1.3
FA19-BSE-7-A,Human Computer Interaction,2,10,CS Ms. Raheela Shahzadi,C1.2
FA19-BSE-7-A,Human Computer Interaction,2,1000,CS Ms. Raheela Shahzadi,W3
FA19-BSE-7-A,Software Project Management,2,10000,CS Ms. Aniqa Khawar,C Lab4
FA19-BSE-7-A,Human Computer Interaction,2,1,CS Ms. Amina Hussain,CAD CAM Lab
FA19-BSE-7-B,Software Project Management,2,1,CS Ms. Mubeen Javed,C1
FA19-BSE-7-B,Machine Learning,2,100,CS Dr. Muhammad Farhan,C1.1
FA19-BSE-7-B,Human Computer Interaction,2,10,CS Ms. Raheela Shahzadi,C1.2
FA19-BSE-7-B,Software Project Management,2,10000,CS Ms. Mubeen Javed,A2.2
FA19-BSE-7-B,Human Computer Interaction,2,1000,CS Ms. Raheela Shahzadi,W3
SP20-BSE-6-A,Information Security,2,10,CS Dr. Tariq Ali,C4
SP20-BSE-6-A,Software Project Management,2,1000,CS Ms. Madiha Fatima,C4
FA20-BSE-5-A,Software Requirement Engineering,2,100,CS Ms. Madiha Fatima,C1
FA20-BSE-5-A,Operating System concepts,2,10,CS Mr. Muhammad Umar,C2.3
FA20-BSE-5-A,Web Technologies,2,1,CS Ms Zunaira Mustafa,C Lab1
FA20-BSE-5-B,Design Patterns,2,1,CS Ms. Uzma Latif,C1.1
FA20-BSE-5-B,Web Technologies,2,1000,CS Ms. Syda Fatima,C2.5
FA20-BSE-5-B,Design Patterns,2,10,CS Ms Azka,C Lab4
FA20-BSE-5-B,Operating System concepts,2,100,CS Mr. Muhammad Shafqat,Cisco Lab
FA20-BSE-5-C,Operating System concepts,2,1000,CS Mr. Muhammad Umar,C1
FA20-BSE-5-C,Statistics and Probability Theory,2,1,MT Dr Manzoor,C5
FA20-BSE-5-C,Operating System concepts,2,10000,CS Mr. Muhammad Shafqat,C Lab3
FA20-BSE-5-C,Web Technologies,2,10,CS Mr. Muhammad Aamir,C Lab3
FA20-BSE-5-C,Design Patterns,2,100,CS Mr. Muhammad Jamshaid Iqbal,C lab5
SP21-BSE-4-A,Linear Algebra,2,10,MT Dr Naeem,C1.1
SP21-BSE-4-A,Database Systems I,2,1000,CS Mr. Tariq Rafiq,A3
SP21-BSE-4-A,Game Development,2,1,CS Mr. Ali Sher Kashif,B1
SP21-BSE-4-A,Game Development,2,100,CS Ms Azka,C Lab3
SP21-BSE-4-A,Data Structures,2,10000,CS Ms. Rabail Asghar,MS Lab
FA21-BSE-3-A,Calculus and Analytical Geometry,2,100,MT Ms Shaheen,C3
FA21-BSE-3-A,Linear Algebra,2,1000,MT Dr Najma,C3
FA21-BSE-3-B,Introduction to Software Engineering,2,1,CS Mr. Muhammad Ahmad,A2.2
FA21-BSE-3-B,Linear Algebra,2,100,MT Dr Najma,W2
FA21-BSE-3-B,Object Oriented Programming,2,10000,CS Mr. Shahzad Ahmad,C lab5
FA21-BSE-3-C,Object Oriented Programming,2,10000,CS Mr. Syed Nasir Mehdi,C2.5
FA21-BSE-3-C,Linear Algebra,2,100,MT Dr Misbah,A3
FA21-BSE-3-C,Introduction to Software Engineering,2,1000,CS Ms. Aniqa Khawar,C Lab2
SP22-BSE-2-A,Introduction to Software Engineering,2,100,CS Mr. Ahmad Shaf,C2
SP22-BSE-2-A,Discrete Structures,2,10000,MT Ms Sana,C1.4
SP22-BSE-2-A,Calculus-I,2,1000,MT Dr Hameed Ullah,C2.2
SP22-BSE-2-A,Communication Skills,2,10,MS Mr Zia Hassan,B13
FA22-BSE-1-A,English Comprehension and Composition,2,100,VS Ms Madeeha Dastageer,W1
FA22-BSE-1-A,Applied Physics for Engineers,2,10,EE Mr Rao Kashif,FYP Lab
FA22-BSE-1-A,Introduction to the ICT,2,1,EE Mr Asim Noon,C lab5
FA22-BSE-1-B,Applied Physics for Engineers,2,1000,EE Ms Amna,C2.4
FA22-BSE-1-B,English Comprehension and Composition,2,10,VS Ms Madeeha Dastageer,C2.4
FA22-BSEE-B11A,Engineering Mechanics and Thermodynamics,2,1,EE Dr Tariq Shahzad,A1
FA22-BSEE-B11A,Calculus and Analytical Geometry,2,100,EE Ms Maham,B8
FA22-BSEE-B11A,Engineering Drawing,2,1000,EE Mr Waqar Tahir,Engineering Drawing Hall
FA22-BSEE-B11A,Applied Physics for Engineers,2,10000,EE Mr Asim Noon,PhyLab
FA21-BSEE-B10A,Object Oriented Programming,2,10000,EE Mr Munawar,A1
FA21-BSEE-B10A,Object Oriented Programming,2,1000,EE Mr Munawar,A1.2
FA21-BSEE-B10A,Electronics I,2,1,EE Mr Waqar Tahir,C&ELab
FA21-BSEE-B10A,Electric Circuits Analysis II,2,100,EE Ms Rida,C&ELab
FA20-BSEE-B9A,Microprocessor Systems and Interfacing,2,1,EE Mr Maulan Yasin,A1.1
FA20-BSEE-B9A,Power Electronics,2,10000,EE Dr Sohaib,A2.8
FA20-BSEE-B9A,Principles of Communication Systems,2,100,EE Mr Abdul Khaliq,DigitalLab
FA20-BSEE-B9A,Power Electronics,2,10,EE Mr Waqar Tahir,PowerElectronicsLab
FA19-BSEE-B8A,Numerical Computations,2,100,EE Ms Amna,A1.2
FA19-BSEE-B8A,Numerical Computations,2,10000,EE Ms Amna,A1.3
FA19-BSEE-B8A,Power System Analysis,2,1000,EE Ms Nayab,A2.2
FA19-BSEE-B8A,Real Time Embedded Systems,2,10,EE Ms Amna,DigitalLab
FA22-BBA-B31,Introduction to Business,2,1000,MS Ms Zunaira,B1
FA22-BBA-B31,ECC,2,100,MS Ms Mariam Azam,B3
FA22-BBA-B31,Introduction to Business,2,10000,MS Ms Zunaira,B8
FA22-BBA-B31,Introduction to Management,2,10,MS Mr Ali Kirmani,B11
FA21-BBA-B29,Accounting II,2,100,MS Mr Hafiz Yasir,B10
FA21-BBA-B29,Introduction to Statistics,2,1010,MS Mr Hasan Rafiq,B12
SP21-BBA-B28,CA & MAC,2,10,MS Mr Bilal Lodhi,B7
SP21-BBA-B28,MIS,2,10000,MS Dr Waqas,B9
SP21-BBA-B28,MIS,2,1,MS Dr Waqas,MS Lab
FA20-BBA-B27-A),ODCM,2,100,MS Mr Ali Kirmani,B1
FA20-BBA-B27-A),CB,2,10000,MS Dr Saqib,B3
FA20-BBA-B27-A),SiF,2,10000,MS Mr Shoaib Sajjad,B4
FA20-BBA-B27-A),MR,2,100,MS Dr Junaid,B7
FA20-BBA-B27-A),POM,2,1,MS Mr Haris,B8
FA20-BBA-B27-A),E-Commerce,2,1000,MS Mr Moazzam,B8
FA20-BBA-B27-A),SiF,2,100,MS Mr Shoaib Sajjad,B9
FA20-BBA-B27-A),TQM,2,100,MS Mr Bilal Mian,B12
FA20-BBA-B27-A),TQM,2,10000,MS Mr Bilal Mian,B14
FA20-BBA-B27-A),E-Commerce,2,10,MS Mr Moazzam,MS Lab
FA20-BBA-B27-B),ODCM,2,100,MS Mr Ali Kirmani,B1
FA20-BBA-B27-B),CB,2,10000,MS Dr Saqib,B3
FA20-BBA-B27-B),SiF,2,10000,MS Mr Shoaib Sajjad,B4
FA20-BBA-B27-B),RTT,2,1000,MS Dr HM Arshad,B5
FA20-BBA-B27-B),MR,2,100,MS Dr Junaid,B7
FA20-BBA-B27-B),SiF,2,100,MS Mr Shoaib Sajjad,B9
FA20-BBA-B27-B),TQM,2,100,MS Mr Bilal Mian,B12
FA20-BBA-B27-B),TQM,2,10000,MS Mr Bilal Mian,B14
SP20-BBA-B26,Business Law,2,10,MS Dr Khurram,B1
SP20-BBA-B26,ODCM,2,100,MS Mr Ali Kirmani,B1
SP20-BBA-B26,CB,2,10000,MS Dr Saqib,B3
SP20-BBA-B26,SiF,2,10000,MS Mr Shoaib Sajjad,B4
SP20-BBA-B26,OB,2,1000,MS Mr Shoaib Sajjad,B4
SP20-BBA-B26,OB,2,1,MS Mr Shoaib Sajjad,B5
SP20-BBA-B26,MR,2,100,MS Dr Junaid,B7
SP20-BBA-B26,SiF,2,100,MS Mr Shoaib Sajjad,B9
SP20-BBA-B26,TQM,2,100,MS Mr Bilal Mian,B12
SP20-BBA-B26,TQM,2,10000,MS Mr Bilal Mian,B14
FA19-BBA-B25,SFM & SiM,2,1000,MS Dr Waqas,B3
FA19-BBA-B25,Corporate Governance,2,10000,MS Mr Ali Kirmani,B5
FA19-BBA-B25,FSAV,2,100,MS Dr QZ Malik,B6
FA19-BBA-B25,LTM,2,10,MS Mr Shoaib Bajwa,B6
FA19-BBA-B25,IMC,2,10,MS Dr Rahib,B8
FA19-BBA-B25,Corporate Law,2,1,MS Mr Suhail Qureshi,B9
FA19-BBA-B25,FSAV,2,1000,MS Dr QZ Malik,B10
FA19-BBA-B25,CCM,2,1000,MS Dr Binesh,B13
SP19-BBA-B24,SFM & SiM,2,1000,MS Dr Waqas,B3
SP19-BBA-B24,SHRM,2,100,MS Dr Asrar ul Haq,B4
SP19-BBA-B24,FSAV,2,100,MS Dr QZ Malik,B6
SP19-BBA-B24,LTM,2,10,MS Mr Shoaib Bajwa,B6
SP19-BBA-B24,IMC,2,10,MS Dr Rahib,B8
SP19-BBA-B24,FSAV,2,1000,MS Dr QZ Malik,B10
SP19-BBA-B24,CCM,2,1000,MS Dr Binesh,B13
SP21-BAF-B10,ETP,2,10,MS Ms Zunaira,B3
SP21-BAF-B10,ETP,2,100,MS Ms Zunaira,B5
SP21-BAF-B10,Auditing,2,10000,MS Mr Hafiz Yasir,B6
SP21-BAF-B10,Corporate Law,2,1,MS Mr Suhail Qureshi,B9
SP21-BAF-B10,Auditing,2,1000,MS Mr Hafiz Yasir,B11
FA20-BAF-B9,ETP,2,10,MS Ms Zunaira,B3
FA20-BAF-B9,ETP,2,100,MS Ms Zunaira,B5
FA20-BAF-B9,Auditing,2,10000,MS Mr Hafiz Yasir,B6
FA20-BAF-B9,Auditing,2,1000,MS Mr Hafiz Yasir,B11
FA21-MBA-B3,OB,2,1000,MS Mr Shoaib Sajjad,B4
FA21-MBA-B3,OB,2,1,MS Mr Shoaib Sajjad,B5
FA21-MBA-B3,CA & MAC,2,10,MS Mr Bilal Lodhi,B7
SP21-MBA-B2,OB,2,1000,MS Mr Shoaib Sajjad,B4
SP21-MBA-B2,OB,2,1,MS Mr Shoaib Sajjad,B5
SP21-MBA-B2,MR,2,100,MS Dr Junaid,B7
SP21-MBA-B2,IMC,2,10,MS Dr Rahib,B8
SP22-RMS-B15,SFM & SiM,2,1000,MS Dr Waqas,B3
SP22-RMS-B15,IMC,2,10,MS Dr Rahib,B8
FA22-BS(English)-B1,Introduction to Linguistics ,2,10,MS Ms Mariam Azam,B5
FA22-BS(English)-B1,Introduction to Linguistics ,2,10000,MS Ms Mariam Azam,B7
FA22-BSMath-1,Linear Algebra,3,10,MT Dr Naeem,C3
FA22-BSMath-1,Linear Algebra,3,10000,MT Dr Naeem,C2.3
FA22-BSMath-1,ECC,3,1,VS Ms Madeeha Dastageer,B6
FA22-BSCVE-B6,Civil Engineering Drawing,3,100,CVE Engr. Shad Muhammad,A2.2
FA21-BSCVE-B5,Elementary Fluid Mechanics,3,10000,CVE Engr. Dr. Ammar Ashraf,W3
FA21-BSCVE-B5,Mechanics of Solids-I,3,100,CVE Engr. Hiba Arshad,Engineering Mechanics Lab
FA21-BSCVE-B5,Elementary Fluid Mechanics,3,1,CVE Engr. H. M. Sohaib Yasin,Fluid Mechanics Lab
FA20-BSCVE-B4,Geotechnical and Foundation Engineering,3,10000,CVE Engr. Tafheem Abbas,B3
FA20-BSCVE-B4,Indeterminate Structural Analysis,3,1000,CVE Engr. M. Yousaf Mushtaq,B6
FA20-BSCVE-B4,Engineering Hydrology,3,1,CVE Engr. Tafheem Abbas,B12
FA20-BSCVE-B4,Geotechnical and Foundation Engineering,3,100,CVE Engr. H. M. Sohaib Yasin,Getechnical Engineering Lab
FA19-BSCVE-B3,Quantity Surveying and Cost Estimation,3,1,CVE Engr. Shad Muhammad,C1
FA19-BSCVE-B3,Wastewater and Sanitary Engineering,3,1000,CVE Engr. Tafheem Abbas,C3
FA19-BSCVE-B3,Wastewater and Sanitary Engineering,3,100,CVE Engr. Tafheem Abbas,A1
FA19-BSCVE-B3,Reinforced Concrete Design-II,3,10,CVE Engr. Fayyaz Ulhaq,A2.2
FA22-BS(BCHM)-B1,Mathematics I,3,10,MT Ms Sana,W3
FA22-BS(BCHM)-B1,Introduction to Computing,3,100,EE Mr Amir Sabri,Cisco Lab
FA21-BSBI-B25,Linux for Biological Sciences,3,10,BI Ms Anum,C1
FA21-BSBI-B25,Data Structure,3,1000,EE Dr Waqas,C5
FA21-BSBI-B25,Introductory Molecular Biology,3,10000,BI Dr Sumaira,A1.1
FA21-BSBI-B25,Data Structure,3,1,EE Mr Amir Sabri,C Lab4
SP21-BSBI-B24,Microbiology and Immunology,3,1000,BI Dr Awais,W4
SP21-BSBI-B24,Introduction to Bioinformatics,3,100,BI Ms Anum,C Lab2
SP21-BSBI-B24,Fundamentals of Genetics,3,10,BI Ms Rabia,Bio Lab
SP21-BSBI-B24,Microbiology and Immunology,3,10000,BI Ms Rabia,Bio Lab
FA20-BSBI-B23,Bioinformatics Database Development,3,1000,BI Dr Azhar,C1
FA20-BSBI-B23,Bioinformatics Database Development,3,10000,BI Dr Azhar,C5
FA20-BSBI-B23,Developmental Biology,3,10,BI Dr Hasan,A3
FA20-BSBI-B23,Bioinformatics Database Development,3,100,BI Ms Hajira,C Lab1
FA20-BSBI-B23,Bioinformatics Analysis,3,1,BI Ms Hajira,C Lab3
SP20-BSBI-B22,Artificial Intelligence,3,1,EE Mr Asif Imran,C2.4
SP20-BSBI-B22,Modern Programming Languages,3,10000,EE Mr Amir Sabri,C Lab1
SP20-BSBI-B22,Bioinformatics Scripting,3,10,BI Ms Hajira,C Lab1
FA19-BSBI-B21,Statistical Methods in Biology,3,10000,MT Mr Fakhar,C1.4
FA19-BSBI-B21,Biological Modeling and Simulation,3,10,BI Mr Saad,C2.4
FA19-BSBI-B21,Biological Modeling and Simulation,3,1,BI Mr Saad,W2
FA19-BSBI-B21,Bioinformatics Software Development,3,100,BI Dr Adnan,MS Lab
FA22-FSN-B9,Principal of Human Nutrition,3,1000,BI Dr Abrar,A1.2
FA22-FSN-B9,Mathematics I,3,10100,MT Dr Sabir,A2.1
FA22-FSN-B9,Introduction to Computing,3,10,EE Asad Ali Khan,Cisco Lab
SP22-FSN-B8,Food Saftey and Security,3,10,BI Ms Tamsila,B4
FA21-FSN-B7,Food Analysis,3,1,BI Dr Hammad,A1.2
FA21-FSN-B7,Techniques in Food Processing and preservation,3,100,BI Dr Nadeem,W3
SP21-FSN-B6,Minerals and Vitamins,3,1,BI Dr Hasan,C1.2
SP21-FSN-B6,Nutritional Quality Management,3,1000,BI Dr Wasim,C1.2
SP21-FSN-B6,Confectionery and Snack Food,3,10,BI Dr Farrukh,C1.4
FA20-FSN-B5-A,Poultry and egg processing,3,100,BI Dr Asif,C1
FA20-FSN-B5-A,Inherited Nutrition Disorder,3,1,BI Dr Zeshan,C1.3
FA20-FSN-B5-A,Poultry and egg processing,3,1000,BI Dr Asif,C2.3
FA20-FSN-B5-A,Food Laws and Regulations,3,10000,BI Dr Shahzad Saleem,A1.3
FA20-FSN-B5-A,Sensory Evaluation of Foods,3,10,BI Dr Nadeem,B5
FA20-FSN-B5-B,Sensory Evaluation of Foods,3,1000,BI Dr Nadeem,B4
FA20-FSN-B5-B,Poultry and egg processing,3,10000,BI Dr Asif,W1
SP20-FSN-B4,Sea Food Resources and Processing,3,100,BI Dr Azhar,C2.2
SP20-FSN-B4,Nutritional Counselling,3,1000,BI Dr Adnan,B8
SP20-FSN-B4,Nutrition in Emergency,3,10,BI Dr Abrar,B12
SP20-FSN-B4,Sea Food Resources and Processing,3,10001,BI Ms Kanza,FSN Lab
FA19-FSN-B3-A,Food Toxicology and Safety,3,1,BI Dr Awais,C2.5
FA19-FSN-B3-A,Functional and Nutraceutical Foods,3,1000,BI Mr Saad,B9
FA19-FSN-B3-A,Food Microbiology,3,110,BI Mr Imran,FSN Lab
FA19-FSN-B3-B,Food Microbiology,3,10,BI Dr Ibrahim,C2
FA19-FSN-B3-B,Sugar and Beverage Technology,3,10000,BI Dr Wasim,A1
FA19-FSN-B3-B,Food Microbiology,3,1000,BI Mr Imran,FSN Lab
FA22-BSME-B18-A,English Comprehension and Composition,3,1,CVE Saima Batool,A1.3
FA22-BSME-B18-A,Applied Physics for Mechanical Engineers,3,100,ME Dr. Muhammad Abid,A2.8
FA22-BSME-B18-A,Introduction to Computer Programming,3,10,ME Dr. Muhammad Abid,B3
FA22-BSME-B18-A,Introduction to Computer Programming,3,10000,ME Ms. Saba Gull,CAD CAM Lab
FA21-BSME-B17-A,Mechanics of Materials I,3,10000,ME Mr. Salman Nawaz,C3
FA21-BSME-B17-A,Thermodynamics II,3,1000,ME Mr. Hassan Iqbal,A3
FA21-BSME-B17-A,Thermodynamics II,3,10,ME Mr. Hassan Iqbal,A2.8
FA20-BSME-B16-A,Engineering Management and Economics,3,100,ME Dr. Salman Mustafa,B7
FA20-BSME-B16-A,Numerical Computations,3,10,ME Dr. Tauqeer Anwar,B10
FA20-BSME-B16-A,Engineering Fluid Mechanics,3,10000,ME Mr. Jawad Abid,Fluid Mechanics Lab
FA20-BSME-B16-A,Engineering Fluid Mechanics,3,10000,ME Mr. Muhammad Nawaz,Fluid Mechanics Lab
FA20-BSME-B16-A,Numerical Computations,3,1000,ME Mr. Aamir Shehzad,CAD CAM Lab
FA19-BSME-B15-A,Air Conditioning and Refrigeration,3,1,ME Mr. Hafeez Ahmad,A2.1
FA19-BSME-B15-A,Advanced Material Processing,3,1000,ME Mr. Naveed Ahmad,A2.8
FA19-BSME-B15-A,Air Conditioning and Refrigeration,3,10000,ME Mr. Hafeez Ahmad,W4
FA19-BSME-B15-A,Mechanism and Mechanical Vibrations,3,100,ME Ms. Sara Batool,Vibrations Lab
FA19-BSME-B15-A,Mechanism and Mechanical Vibrations,3,100,ME Mr. Muhammad Naveed,Vibrations Lab
FA19-BSME-B15-B,CAD  CAM (1hr),3,10000,ME Mr. Khawar Hussain,C1.2
FA19-BSME-B15-B,CAD CAM,3,10,ME Mr. Ali Zahid,CAD CAM Lab
FA19-BSME-B15-B,Heat Transfer and HVAC,3,1,ME Mr. Muhammad Naveed,HMT Lab
FA19-BSME-B15-B,Heat Transfer and HVAC,3,1,ME Mr. Yasir Raza,HMT Lab
FA19-BSME-B15-B,Mechanism and Mechanical Vibrations,3,1000,ME Mr. Ghulam Mustafa,Vibrations Lab
FA19-BSME-B15-B,Mechanism and Mechanical Vibrations,3,1000,ME Ms. Sara Batool,Vibrations Lab
FA22-RCS-1-A,Advanced Topics in Data Mining,3,10000,CS Dr. Muhammad Azhar,C4
FA22-RCS-1-A,Advance Operating System,3,100,EE Dr Waqas,C1.1
SP19-BCS-8-A,Electricity Magnetism and Optics,3,1000,EE Dr Abuzar,C2.4
FA19-BCS-7-A,Computer Vision,3,1,CS Ms. Raheela Shahzadi,C1.4
FA19-BCS-7-A,Compiler Construction,3,10,CS Mr. Yawar Abbas Abid,B1
FA19-BCS-7-A,Artificial Intelligence,3,10000,CS Ms. Tahreem Saeed,B10
FA19-BCS-7-A,Human Computer Interaction,3,100,CS Ms. Amina Hussain,CAD CAM Lab
FA19-BCS-7-B,Computer Vision,3,10,CS Ms. Raheela Shahzadi,C2.3
FA19-BCS-7-B,Human Computer Interaction,3,1,CS Mr. Ali Sher Kashif,C2.3
SP20-BCS-6-A,Electricity Magnetism and Optics,3,1,EE Dr Abuzar,A3
SP20-BCS-6-A,Software Project Management,3,100,CS Ms. Mubeen Javed,A1.1
SP20-BCS-6-A,Software Project Management,3,1000,CS Ms. Mubeen Javed,B5
SP20-BCS-6-B,Electricity Magnetism and Optics,3,1,EE Dr Abuzar,A3
SP20-BCS-6-B,Software Project Management,3,100,CS Ms. Mubeen Javed,A1.1
SP20-BCS-6-B,Software Project Management,3,1000,CS Ms. Mubeen Javed,B5
FA20-BCS-5-A,Data Communication and Computer Networks,3,1,EE Dr Saqlain,C2
FA20-BCS-5-A,Introduction to the ICT,3,1000,EE Ms Maham,A2.1
FA20-BCS-5-A,Computer Architecture,3,10000,EE Dr Saqib Saleem,B6
FA20-BCS-5-B,Computer Architecture,3,1,EE Dr Saqib Saleem,A1.1
FA20-BCS-5-B,Data Communication and Computer Networks,3,1000,EE Dr Saqlain,A2.2
FA20-BCS-5-B,Introduction to the ICT,3,100,EE Dr Talha Younas,W1
FA20-BCS-5-C,Operating Systems,3,1,CS Ms. Uzma Latif,C5
FA20-BCS-5-C,Computer Architecture,3,100,EE Dr Tariq Shahzad,B9
FA20-BCS-5-C,Data Communication and Computer Networks,3,10000,EE Asad Ali Khan,C Lab4
SP21-BCS-4-A,Database Systems I,3,10,CS Mr. Tariq Rafiq,C1.2
SP21-BCS-4-A,Introduction to Management,3,10000,MS Dr Salman,B1
SP21-BCS-4-A,Software Engineering Concepts,3,100,CS Ms. Madiha Fatima,B8
SP21-BCS-4-B,Software Engineering Concepts,3,100,CS Ms. Madiha Fatima,B8
SP21-BCS-4-B,Database Systems I,3,1,CS Mr. Tariq Rafiq,W4
SP21-BCS-4-B,Data Structures,3,1000,CS Ms. Rabail Asghar,C lab5
FA21-BCS-3-A,Communication Skills,3,100,EE Ms Sabeen,C2.3
FA21-BCS-3-A,Object Oriented Programming,3,1000,CS Mr. Usman Ali,C Lab1
FA21-BCS-3-A,Digital Logic Design,3,10000,EE Mr Waqar Tahir,DLD Lab
FA21-BCS-3-B,Object Oriented Programming,3,10,CS Mr. Usman Ali,C1.3
FA21-BCS-3-B,Communication Skills,3,1000,ME Dr. Tauqeer Anwar,A1.3
FA21-BCS-3-B,Digital Logic Design,3,100,EE Mr Waqar Tahir,DLD Lab
FA21-BCS-3-C,Object Oriented Programming,3,10000,CS Mr. Usman Ali,C1
FA21-BCS-3-C,Software Engineering Concepts,3,1,CS Mr. Muhammad Usman Nasir,C3
FA21-BCS-3-C,Object Oriented Programming,3,100,CS Mr. Usman Ali,C1.4
FA21-BCS-3-D,Object Oriented Programming,3,100,CS Mr. Syed Nasir Mehdi,A1.2
FA21-BCS-3-D,Software Engineering Concepts,3,10000,CS Mr. Muhammad Usman Nasir,B8
FA21-BCS-3-D,Calculus and Analytical Geometry,3,10,MT Dr Afshan,W1
FA21-BCS-3-D,Object Oriented Programming,3,1000,CS Mr. Shahzad Ahmad,C Lab3
SP22-BCS-2-A,Calculus-I,3,100,MT Dr Sami Ullah,A1.3
SP22-BCS-2-A,Programming Fundamentals,3,10000,CS Mr Osama Ahmad,C Lab2
SP22-BCS-2-A,Digital Logic Design,3,10,EE Mr Ahsan Maqsood,DLD Lab
SP22-BCS-2-B,Introduction to Business,3,1000,MS Ms Sonia,B13
SP22-BCS-2-B,Programming Fundamentals,3,100,CS Mr Osama Ahmad,C Lab4
SP22-BCS-2-C,Discrete Structures,3,11000,MT Mr Omer,C2.2
SP22-BCS-2-C,Programming Fundamentals,3,100,CS Mr. Syed Ameer Ahmed,W4
SP22-BCS-2-D,Calculus-I,3,100,MT Dr Hameed Ullah,C2.5
SP22-BCS-2-D,Digital Logic Design,3,10000,EE Mr Khalid Majeed,A3
FA22-BCS-1-A,Mathematics I,3,100,MT Dr Misbah,W2
FA22-BCS-1-A,Introduction to the ICT,3,11000,EE Dr Sohaib,W2
FA22-BCS-1-A,Applied Physics for Engineers,3,10,EE Mr Asim Noon,PhyLab
FA22-BCS-1-B,Applied Physics for Engineers,3,1000,EE Mr Rao Kashif,PhyLab
FA22-BCS-1-C,Introduction to the ICT,3,1000,CS Mr. Muhammad Aamir,C1.3
FA22-BCS-1-C,ECC,3,10000,MS Ms Abida Parveen,B9
FA22-BCS-1-D,Mathematics I,3,10,MT Dr Asma,A1
FA22-BCS-1-D,ECC,3,100,MS Ms Abida Parveen,B10
FA22-BCS-1-D,Mathematics I,3,1000,MT Dr Asma,W3
SP19-BSE-8-A,Software Testing,3,10,CS Ms Azka,C Lab2
SP19-BSE-8-A,Software Testing,3,100,CS Ms Azka,C Lab3
FA19-BSE-7-A,Machine Learning,3,10,CS Dr. Muhammad Azhar,C2.2
FA19-BSE-7-B,Computer Vision,3,100,CS Dr. Muhammad Shoaib,C2
FA19-BSE-7-B,Machine Learning,3,1000,CS Dr. Muhammad Farhan,C4
SP20-BSE-6-A,Formal Methods,3,100,CS Ms. Tahreem Saeed,C1.2
SP20-BSE-6-A,Software Project Management,3,10,CS Ms. Madiha Fatima,A2.1
FA20-BSE-5-A,Web Technologies,3,10,CS Ms. Syda Fatima,C5
FA20-BSE-5-A,Statistics and Probability Theory,3,100,MT Ms Nosheen Ramzan,C2.4
FA20-BSE-5-A,Introduction to Business,3,1000,MS Mr Suhail Qureshi,B7
FA20-BSE-5-A,Design Patterns,3,1,CS Mr. Muhammad Jamshaid Iqbal,C Lab2
FA20-BSE-5-A,Operating System concepts,3,10000,CS Mr. Muhammad Shafqat,C Lab3
FA20-BSE-5-B,Software Requirement Engineering,3,10000,CS Ms. Madiha Fatima,C2
FA20-BSE-5-B,Statistics and Probability Theory,3,1000,MT Ms Nosheen Ramzan,C2
FA20-BSE-5-B,Operating System concepts,3,10,CS Mr. Muhammad Umar,C1.1
FA20-BSE-5-C,Software Requirement Engineering,3,10000,CS Ms. Madiha Fatima,C2
FA20-BSE-5-C,Web Technologies,3,1000,CS Ms. Syda Fatima,C1.4
FA20-BSE-5-C,Web Technologies,3,10,CS Mr. Muhammad Aamir,C Lab3
FA20-BSE-5-C,Design Patterns,3,100,CS Mr. Muhammad Jamshaid Iqbal,C lab5
SP21-BSE-4-A,Data Structures,3,100,CS Mr. Yawar Abbas Abid,C3
SP21-BSE-4-A,Linear Algebra,3,1000,MT Dr Naeem,C2.5
SP21-BSE-4-A,Differential Equations,3,10000,MT Dr Shahid,C2.5
SP21-BSE-4-A,Differential Equations,3,10,MT Dr Shahid,A1.1
FA21-BSE-3-A,Object Oriented Programming,3,1000,CS Mr. Syed Nasir Mehdi,C1.1
FA21-BSE-3-A,Calculus and Analytical Geometry,3,10000,MT Ms Shaheen,C1.3
FA21-BSE-3-A,Linear Algebra,3,100,MT Dr Najma,C1.3
FA21-BSE-3-A,Data Communication and Computer Networks,3,1,EE Asad Ali Khan,Cisco Lab
FA21-BSE-3-B,Introduction to Software Engineering,3,10,CS Mr. Muhammad Ahmad,C4
FA21-BSE-3-B,Calculus and Analytical Geometry,3,1000,MT Ms Shaheen,A1.1
FA21-BSE-3-B,Object Oriented Programming,3,10000,CS Mr. Shahzad Ahmad,C lab5
FA21-BSE-3-B,Data Communication and Computer Networks,3,1,EE Asad Ali Khan,Cisco Lab
FA21-BSE-3-C,Linear Algebra,3,10000,MT Dr Misbah,C2.4
FA21-BSE-3-C,Calculus and Analytical Geometry,3,10,MT Ms Shaheen,W2
FA21-BSE-3-C,Introduction to Software Engineering,3,1000,CS Ms. Aniqa Khawar,C Lab2
FA21-BSE-3-C,Object Oriented Programming,3,1,CS Ms Zunaira Mustafa,CAD CAM Lab
SP22-BSE-2-A,Discrete Structures,3,100,MT Ms Sana,C5
SP22-BSE-2-A,Introduction to Software Engineering,3,10000,CS Mr. Ahmad Shaf,C1.1
SP22-BSE-2-A,Calculus-I,3,10,MT Dr Hameed Ullah,C2.5
SP22-BSE-2-A,Programming Fundamentals,3,1000,EE Mr Abdul Khaliq,C Lab4
SP22-BSE-2-A,Introduction to Software Engineering,3,1,CS Ms Azka,C lab5
FA22-BSE-1-A,Introduction to the ICT,3,10,EE Mr Maulan Yasin,A1.2
FA22-BSE-1-A,Introduction to the ICT,3,1000,EE Mr Maulan Yasin,W1
FA22-BSE-1-B,Introduction to the ICT,3,100,EE Dr Ghulam Farid,A3
FA22-BSE-1-B,English Comprehension and Composition,3,10000,VS Ms Madeeha Dastageer,A2.8
FA22-BSEE-B11A,Engineering Mechanics and Thermodynamics,3,10,EE Dr Tariq Shahzad,A1.3
FA22-BSEE-B11A,Engineering Drawing,3,1000,EE Mr Waqar Tahir,Engineering Drawing Hall
FA22-BSEE-B11A,Applied Physics for Engineers,3,10000,EE Mr Asim Noon,PhyLab
FA21-BSEE-B10A,Electronics I,3,1000,EE Dr Saeeda Usman,A1
FA21-BSEE-B10A,Electric Circuits Analysis II,3,10000,EE Dr Aftab,A1.2
FA21-BSEE-B10A,Electronics I,3,1,EE Mr Waqar Tahir,C&ELab
FA21-BSEE-B10A,Electric Circuits Analysis II,3,100,EE Ms Rida,C&ELab
FA20-BSEE-B9A,Microprocessor Systems and Interfacing,3,10000,EE Mr Maulan Yasin,A2.2
FA20-BSEE-B9A,Control Systems,3,1000,EE Ms Rida,Cisco Lab
FA20-BSEE-B9A,Principles of Communication Systems,3,100,EE Mr Abdul Khaliq,DigitalLab
FA20-BSEE-B9A,Power Electronics,3,10,EE Mr Waqar Tahir,PowerElectronicsLab
FA19-BSEE-B8A,Power System Analysis,3,100,EE Ms Nayab,C4
FA19-BSEE-B8A,Numerical Computations,3,10000,EE Ms Rida,DigitalLab
FA19-BSEE-B8A,Real Time Embedded Systems,3,10,EE Ms Amna,DigitalLab
FA22-BBA-B31,MiE & EoB,3,1,MS Ms Sonia,B5
FA22-BBA-B31,MiE & EoB,3,10,MS Ms Sonia,B6
FA22-BBA-B31,ECC,3,1000,MS Ms Mariam Azam,B11
FA22-BBA-B31,Introduction to Computing,3,100,MS Mr Hasan Rafiq,B12
FA22-BBA-B31,Introduction to Computing,3,10000,MS Mr Hasan Rafiq,MS Lab
SP22-BBA-B30,Business Mathematics I,3,10,MT Ms Nosheen Ramzan,B11
SP22-BBA-B30,Fundamentals of Marketing,3,10000,MS Dr Binesh,B13
FA21-BBA-B29,Accounting II,3,1000,MS Mr Hafiz Yasir,B1
FA21-BBA-B29,BCW,3,100,MS Mr Badar Iqbal,B3
SP21-BBA-B28,SI,3,1000,MT Mr Fakhar,B3
SP21-BBA-B28,Marketing Management,3,1,MS Dr Junaid,B4
SP21-BBA-B28,SI,3,100,MT Mr Fakhar,B11
FA20-BBA-B27-A),MR,3,10000,MS Dr Junaid,B5
FA20-BBA-B27-A),E-Commerce,3,100,MS Mr Moazzam,B6
FA20-BBA-B27-A),ODCM,3,10000,MS Mr Ali Kirmani,B14
FA20-BBA-B27-B),POM,3,1,MS Mr Haris,B3
FA20-BBA-B27-B),RTT,3,100,MS Dr HM Arshad,B4
FA20-BBA-B27-B),MR,3,10000,MS Dr Junaid,B5
FA20-BBA-B27-B),ODCM,3,10000,MS Mr Ali Kirmani,B14
FA20-BBA-B27-B),E-Commerce,3,1000,MS Mr Moazzam,MS Lab
SP20-BBA-B26,MR,3,10000,MS Dr Junaid,B5
SP20-BBA-B26,ODCM,3,10000,MS Mr Ali Kirmani,B14
FA19-BBA-B25,Negotiation,3,100,MS Mr Ali Kirmani,B1
FA19-BBA-B25,AFM,3,1000,MS Mr Bilal Lodhi,B10
FA19-BBA-B25,LTM,3,10000,MS Mr Shoaib Bajwa,B11
FA19-BBA-B25,CCM,3,100,MS Dr Binesh,B13
SP19-BBA-B24,Negotiation,3,100,MS Mr Ali Kirmani,B1
SP19-BBA-B24,BT & CT,3,100,MS Mr Hafiz Yasir,B5
SP19-BBA-B24,AFM,3,1000,MS Mr Bilal Lodhi,B10
SP19-BBA-B24,LTM,3,10000,MS Mr Shoaib Bajwa,B11
SP19-BBA-B24,BT & CT,3,10000,MS Mr Hafiz Yasir,B12
SP19-BBA-B24,CCM,3,100,MS Dr Binesh,B13
SP21-BAF-B10,BT & CT,3,100,MS Mr Hafiz Yasir,B5
SP21-BAF-B10,BT & CT,3,10000,MS Mr Hafiz Yasir,B12
FA20-BAF-B9,AMA,3,1,MS Mr Bilal Lodhi,B1
FA20-BAF-B9,AMA,3,10000,MS Mr Bilal Lodhi,B7
FA21-MBA-B3,BT & CT,3,100,MS Mr Hafiz Yasir,B5
FA21-MBA-B3,MiE & EoB,3,1,MS Ms Sonia,B5
FA21-MBA-B3,MiE & EoB,3,10,MS Ms Sonia,B6
FA21-MBA-B3,BT & CT,3,10000,MS Mr Hafiz Yasir,B12
SP21-MBA-B2,MR,3,10000,MS Dr Junaid,B5
FA22-BS(English)-B1,ECC,3,1,VS Ms Madeeha Dastageer,B6
FA22-BS(English)-B1,Introduction to Poetry & Drama ,3,10,MS Mr Badar Iqbal,B7
FA22-BS(English)-B1,Introduction to Computing,3,100,MS Mr Hasan Rafiq,B12
FA22-BS(English)-B1,Introduction to Poetry & Drama ,3,1000,MS Mr Badar Iqbal,B12
FA22-BS(English)-B1,Introduction to Computing,3,10000,MS Mr Hasan Rafiq,MS Lab
FA22-BSMath-1,Calculus-I,4,10,MT Dr Nauman,C2
FA22-BSMath-1,Calculus-I,4,100,MT Dr Nauman,C3
SP22-RMT-6,Elastodynamics,4,100,MT Dr Sabir,C1.4
SP22-RMT-6,Integral Inequalities,4,10010,MT Dr Shahid,C1.4
SP22-RMT-6,Advance topic in Graph theory,4,1000,MT Dr Misbah,C1.4
FA22-RMT-7,Elastodynamics,4,100,MT Dr Sabir,C1.4
FA22-RMT-7,Integral Inequalities,4,10010,MT Dr Shahid,C1.4
FA22-RMT-7,Advance topic in Graph theory,4,1000,MT Dr Misbah,C1.4
FA22-BSCVE-B6,Applied Electricity and Electronics,4,10,EE Ms Sabeen,B6
FA22-BSCVE-B6,Civil Engineering Drawing,4,1100,CVE Engr. Waqar Ahsan,Engineering Drawing Hall
FA22-BSCVE-B6,Applied Electricity and Electronics,4,10000,EE Mr Ahsan Maqsood,FYP Lab
FA21-BSCVE-B5,Soil Mechanics,4,10,CVE Engr. Dr. Ammar Ashraf,A2.8
FA21-BSCVE-B5,Mechanics of Solids-I,4,100,CVE Engr. Hiba Arshad,Engineering Mechanics Lab
FA21-BSCVE-B5,Soil Mechanics,4,1000,CVE Engr. Hiba Arshad,Getechnical Engineering Lab
FA21-BSCVE-B5,Plane Surveying,4,10000,CVE Engr. H. M. Sohaib Yasin,Survey Lab
FA20-BSCVE-B4,Engineering Economics,4,10,ME Salman Mustafa,B8
FA20-BSCVE-B4,Engineering Economics,4,10000,ME Salman Mustafa,B13
FA20-BSCVE-B4,Properties of Concrete,4,1000,CVE Engr. Fayyaz Ulhaq,W2
FA20-BSCVE-B4,Geotechnical and Foundation Engineering,4,100,CVE Engr. H. M. Sohaib Yasin,Getechnical Engineering Lab
FA19-BSCVE-B3,Irrigation Engineering,4,10000,CVE Engr. Fayyaz Ulhaq,C2.4
FA19-BSCVE-B3,Elective-I (Geo-Informatics),4,10,CVE Engr. H. M. Sohaib Yasin,Getechnical Engineering Lab
FA22-BS(BCHM)-B1,Introduction Biochemistry,4,1000,BI Ms Areeba,C1.3
FA22-BS(BCHM)-B1,Mathematics I,4,10000,MT Ms Sana,B9
FA22-BS(BCHM)-B1,Organic Chemistry,4,100,BI Dr Farrukh,B11
FA22-BS(BCHM)-B1,Organic Chemistry,4,10,BI Dr Farrukh,W4
FA21-BSBI-B25,Data Structure,4,10,EE Dr Waqas,C1.2
FA21-BSBI-B25,Discrete Mathematics,4,100,MT Mr Omer,W4
FA21-BSBI-B25,Linux for Biological Sciences,4,10000,BI Ms Anum,C Lab1
SP21-BSBI-B24,Introduction to Bioinformatics,4,100,BI Ms Anum,C Lab2
SP21-BSBI-B24,Object Oriented Programming,4,10000,EE Mr Munawar,C lab5
SP20-BSBI-B22,Statistics and Probability Theory,4,10000,MT Mr Fakhar,C4
SP20-BSBI-B22,Statistics and Probability Theory,4,100,MT Mr Fakhar,C2.2
SP20-BSBI-B22,Modern Programming Languages,4,1000,EE Mr Munawar,A1
SP20-BSBI-B22,Bioinformatics Scripting,4,10,BI Ms Hajira,C Lab1
FA19-BSBI-B21,Introduction to Genomics and Proteomics,4,10,BI Dr Qudsia,C2.3
FA19-BSBI-B21,Web Engineering,4,1000,EE Dr Waqas,B13
FA22-RBS,Recombinant DNA Technology,4,1000,BI Dr Asim,C1.1
FA22-RBS,Developmental Biology,4,10000,BI Dr Asif,C1.2
FA22-RBS,Recombinant DNA Technology,4,10,BI Dr Asim,C1.3
FA22-RBS,Trends in Genomics,4,100,BI Dr Azhar,C2.3
FA22-FSN-B9,Introduction to Computing,4,10000,EE Dr Ghulam Farid,C2
FA22-FSN-B9,Principal of Human Nutrition,4,10,BI Dr Abrar,A3
SP22-FSN-B8,Introduction to Food Chemistry,4,1000,BI Dr Qudsia,C1
SP22-FSN-B8,Cereal Science,4,10000,BI Ms Areeba,Bio Lab
FA21-FSN-B7,Food Analysis,4,10,BI Dr Hammad,C4
FA21-FSN-B7,Fundamental of Biotechnology,4,100,BI Ms Tamsila,C1.3
FA21-FSN-B7,Nutritional Requirements at Different Ages,4,1000,BI Dr Shahzad Saleem,C2.5
FA21-FSN-B7,Community Nutrition,4,10000,BI Dr Abrar,A2.2
SP21-FSN-B6,Food Fermentation and Biotechnology,4,100,BI Dr Hammad,A1.1
SP21-FSN-B6,Confectionery and Snack Food,4,10000,BI Ms Kanza,FSN Lab
FA20-FSN-B5-A,Food Process Engineering,4,1000,BI Ms Anusha,Bio Lab
FA20-FSN-B5-A,Poultry and egg processing,4,100,BI Mr Imran,Bio Lab
FA20-FSN-B5-A,Sensory Evaluation of Foods,4,10,BI Ms Kanza,FSN Lab
FA20-FSN-B5-B,Inherited Nutrition Disorder,4,10000,BI Dr Zeshan,C1
FA20-FSN-B5-B,Sensory Evaluation of Foods,4,10,BI Dr Nadeem,C1.1
FA20-FSN-B5-B,New product development,4,1000,MS Ms Sadaf Noor,B4
FA20-FSN-B5-B,New product development,4,100,MS Ms Sadaf Noor,B6
SP20-FSN-B4,Metabolism,4,1000,BI Dr Hasan,C2.2
FA19-FSN-B3-A,Processing of Fruits and Vegetables,4,10000,BI Dr Asim,C1.3
FA19-FSN-B3-A,Sugar and Beverage Technology,4,100,BI Dr Wasim,A1
FA19-FSN-B3-A,Sugar and Beverage Technology,4,1000,BI Ms Kanza,FSN Lab
FA19-FSN-B3-B,Processing of Fruits and Vegetables,4,10,BI Ms Areeba,Bio Lab
FA19-FSN-B3-B,Sugar and Beverage Technology,4,100,BI Ms Kanza,FSN Lab
FA22-BSME-B18-A,Engineering Drawing and Graphics (1 hr),4,1000,ME Mr. Hassan Iqbal,A1.1
FA22-BSME-B18-A,Applied Physics for Mechanical Engineers,4,100,ME Mr. Jawad Abid,PhyLab
FA22-BSME-B18-A,Applied Physics for Mechanical Engineers,4,100,ME Mr. Ghulam Mustafa,PhyLab
FA21-BSME-B17-A,Differential Equations,4,100,MT Dr Hameed Ullah,C1.2
FA21-BSME-B17-A,Differential Equations,4,10,MT Dr Hameed Ullah,C2.4
FA21-BSME-B17-A,Engineering Mechanics,4,10000,ME Mr. Ali Zahid,Mechanics Lab
FA21-BSME-B17-A,Engineering Mechanics,4,10000,ME Ms. Sara Batool,Mechanics Lab
FA20-BSME-B16-A,Engineering Fluid Mechanics II,4,100,ME Mr. Hassan Iqbal,A1.2
FA20-BSME-B16-A,Engineering Fluid Mechanics II,4,10,ME Mr. Hassan Iqbal,A2.2
FA20-BSME-B16-A,Engineering Management and Economics,4,1000,ME Dr. Salman Mustafa,A2.8
FA20-BSME-B16-A,Electric Machines,4,10000,ME Ms. Saba Gull,Electric Machines Lab
FA20-BSME-B16-A,Electric Machines,4,10000,ME Mr. Zafar Farooq,Electric Machines Lab
FA19-BSME-B15-A,Mechanical Vibrations,4,100,ME Mr. Khawar Hussain,A2.2
FA19-BSME-B15-A,CAD  CAM (1hr),4,10000,ME Mr. Khawar Hussain,W4
FA19-BSME-B15-A,CAD CAM,4,1000,ME Mr. Ali Zahid,CAD CAM Lab
FA19-BSME-B15-A,Heat Transfer and HVAC,4,10,ME Mr. Muhammad Naveed,HMT Lab
FA19-BSME-B15-A,Heat Transfer and HVAC,4,10,ME Mr. Yasir Raza,HMT Lab
FA19-BSME-B15-B,Renewable Energy Technology,4,1000,ME Dr. Muneeb Qasim,A3
FA19-BSME-B15-B,Air Conditioning and Refrigeration,4,100,ME Mr. Hafeez Ahmad,W2
FA19-BSME-B15-B,Renewable Energy Technology,4,10,ME Dr. Muneeb Qasim,W2
FA22-RCS-1-A,Advanced Algorithms Analysis,4,100,CS Dr. Zafar Iqbal Roy,C1
FA22-RCS-1-A,Big Data Analytics,4,10000,CS Dr. Javed Ferzund,C3
FA22-RCS-1-A,Internet of Things Architecture and Protocols,4,1000,CS Dr. Tariq Ali,C4
FA22-RCS-1-A,Big Data Analytics,4,10,CS Dr. Javed Ferzund,C5
SP19-BCS-8-A,Professional Practics for IT,4,1000,EE Mr Hafiz Zeeshan,W1
SP19-BCS-8-A,Electricity Magnetism and Optics,4,100,EE Mr Rao Kashif,FYP Lab
FA19-BCS-7-A,Artificial Intelligence,4,100,CS Ms. Zamzam Darwesh,Cisco Lab
FA19-BCS-7-B,Compiler Construction,4,100,CS Mr. Yawar Abbas Abid,C2.4
SP20-BCS-6-A,Machine Learning,4,10,CS Dr. Muhammad Azhar,C2.5
SP20-BCS-6-A,Web Technologies,4,10000,CS Ms. Syda Fatima,A1.3
SP20-BCS-6-A,Machine Learning,4,100,CS Dr. Muhammad Azhar,W3
SP20-BCS-6-A,Web Technologies,4,1000,CS Ms Zunaira Mustafa,C Lab2
SP20-BCS-6-B,Machine Learning,4,10,CS Dr. Muhammad Azhar,C2.5
SP20-BCS-6-B,Web Technologies,4,10000,CS Ms. Syda Fatima,A1.3
SP20-BCS-6-B,Machine Learning,4,100,CS Dr. Muhammad Azhar,W3
SP20-BCS-6-B,Web Technologies,4,1000,CS Ms Zunaira Mustafa,C Lab2
FA20-BCS-5-A,Data Communication and Computer Networks,4,10,EE Dr Saqlain,A1
FA20-BCS-5-A,Introduction to the ICT,4,100,EE Ms Rida,C lab5
FA20-BCS-5-A,Data Communication and Computer Networks,4,1000,EE Asad Ali Khan,C lab5
FA20-BCS-5-B,Game Development,4,1000,CS Mr. Ali Sher Kashif,C2
FA20-BCS-5-B,Software Design Methodologies,4,10000,CS Mr. Ahmad Shaf,B6
FA20-BCS-5-B,Introduction to the ICT,4,100,EE Mr Asim Noon,C&ELab
FA20-BCS-5-C,Software Design Methodologies,4,10,CS Mr. Ahmad Shaf,A1.2
FA20-BCS-5-C,Operating System,4,100,EE Mr Amir Sabri,C Lab4
SP21-BCS-4-A,Microprocessor and Assembly Language,4,100,EE Mr Maulan Yasin,C4
SP21-BCS-4-A,Data Structures,4,1000,CS Dr. Zafar Iqbal Roy,C1.2
SP21-BCS-4-A,Software Engineering Concepts,4,10,CS Ms. Madiha Fatima,C2.2
SP21-BCS-4-A,Database Systems I,4,10000,CS Mr. Tariq Rafiq,C2.5
SP21-BCS-4-B,Microprocessor and Assembly Language,4,100,EE Mr Maulan Yasin,C4
SP21-BCS-4-B,Software Engineering Concepts,4,10,CS Ms. Madiha Fatima,C2.2
SP21-BCS-4-B,Introduction to Management,4,1000,MS Dr Salman,B5
FA21-BCS-3-A,Digital Logic Design,4,1000,EE Mr Usman Nasim,A1.3
FA21-BCS-3-A,Digital Logic Design,4,100,EE Mr Usman Nasim,A2.1
FA21-BCS-3-A,Digital Logic Design,4,10000,EE Mr Waqar Tahir,DLD Lab
FA21-BCS-3-B,Object Oriented Programming,4,10000,CS Mr. Muhammad Jamshaid Iqbal,C Lab4
FA21-BCS-3-B,Digital Logic Design,4,100,EE Mr Waqar Tahir,DLD Lab
FA21-BCS-3-C,Software Engineering Concepts,4,1000,CS Mr. Muhammad Usman Nasir,W3
FA21-BCS-3-C,Object Oriented Programming,4,10,CS Mr. Shahzad Ahmad,Cisco Lab
FA21-BCS-3-D,Communication Skills,4,10000,ME Dr. Tauqeer Anwar,A1
FA21-BCS-3-D,Digital Logic Design,4,100,EE Dr Musab,A2.8
FA21-BCS-3-D,Software Engineering Concepts,4,10,CS Mr. Muhammad Usman Nasir,W1
SP22-BCS-2-A,Programming Fundamentals,4,100,CS Dr. Javed Ferzund,C2.5
SP22-BCS-2-A,Calculus-I,4,1000,MT Dr Sami Ullah,A2.2
SP22-BCS-2-A,Digital Logic Design,4,10,EE Mr Ahsan Maqsood,DLD Lab
SP22-BCS-2-B,Discrete Structures,4,1000,MT Ms Sana,C5
SP22-BCS-2-C,Introduction to Business,4,100,MS Ms Abida Parveen,B1
SP22-BCS-2-C,Programming Fundamentals,4,10,CS Mr Osama Ahmad,C Lab3
SP22-BCS-2-D,Programming Fundamentals,4,10,CS Mr. Syed Ameer Ahmed,B7
SP22-BCS-2-D,Programming Fundamentals,4,100,CS Mr Osama Ahmad,C Lab1
SP22-BCS-2-D,Digital Logic Design,4,1000,EE Mr Ahsan Maqsood,DLD Lab
FA22-BCS-1-A,Applied Physics for Engineers,4,10,EE Dr Aftab,A1.3
FA22-BCS-1-A,ECC,4,100,CVE Saima Batool,W1
FA22-BCS-1-A,Mathematics I,4,10000,MT Dr Misbah,W3
FA22-BCS-1-B,ECC,4,10000,CVE Saima Batool,A2.1
FA22-BCS-1-B,Introduction to the ICT,4,10,EE Mr Abdul Khaliq,CAD CAM Lab
FA22-BCS-1-C,Mathematics I,4,100,MT Dr Asma,A1.3
FA22-BCS-1-C,Introduction to the ICT,4,1000,EE Mr Abdul Khaliq,C Lab4
FA22-BCS-1-C,Applied Physics for Engineers,4,10,EE Mr Rao Kashif,PhyLab
FA22-BCS-1-D,Introduction to the ICT,4,10000,EE Mr Usman Nasim,Cisco Lab
SP19-BSE-8-A,Software Testing,4,10,CS Mr. Muhammad Ahmad,C1
SP19-BSE-8-A,Numerical Computations,4,1000,MT Dr Nauman,C2.4
FA19-BSE-7-A,Computer Vision,4,10000,CS Mr. Syed Ameer Ahmed,C1.1
FA19-BSE-7-B,Human Computer Interaction,4,1000,CS Ms. Raheela Shahzadi,C Lab3
FA19-BSE-7-B,Software Project Management,4,100,CS Ms. Aniqa Khawar,CAD CAM Lab
SP20-BSE-6-A,Information Security,4,100,CS Dr. Tariq Ali,C1.1
SP20-BSE-6-A,Software Design Architecture,4,10000,CS Ms. Mubeen Javed,A3
FA20-BSE-5-A,Design Patterns,4,100,CS Dr. Muhammad Farhan,C2
FA20-BSE-5-A,Operating System concepts,4,10000,CS Mr. Muhammad Shafqat,C Lab3
FA20-BSE-5-B,Operating System concepts,4,10000,CS Mr. Muhammad Umar,C5
FA20-BSE-5-B,Software Requirement Engineering,4,1000,CS Ms. Madiha Fatima,C2.3
FA20-BSE-5-B,Introduction to Business,4,10,MS Ms Sadaf Noor,B10
FA20-BSE-5-B,Web Technologies,4,100,CS Mr. Muhammad Aamir,C Lab3
FA20-BSE-5-C,Statistics and Probability Theory,4,10000,MT Dr Manzoor,C2.3
FA20-BSE-5-C,Software Requirement Engineering,4,1000,CS Ms. Madiha Fatima,C2.3
FA20-BSE-5-C,Web Technologies,4,100,CS Ms. Syda Fatima,B7
SP21-BSE-4-A,Data Structures,4,10000,CS Mr. Yawar Abbas Abid,C2.2
SP21-BSE-4-A,Object Oriented Software Engineering,4,10,CS Ms. Uzma Latif,W3
SP21-BSE-4-A,Database Systems I,4,1000,CS Mr. Shahzad Ahmad,C Lab1
FA21-BSE-3-A,Object Oriented Programming,4,10000,CS Mr. Syed Nasir Mehdi,A1.2
FA21-BSE-3-A,Introduction to Software Engineering,4,10,CS Ms. Aniqa Khawar,C Lab4
FA21-BSE-3-A,Object Oriented Programming,4,100,CS Mr. Shahzad Ahmad,MS Lab
FA21-BSE-3-B,Calculus and Analytical Geometry,4,100,MT Ms Shaheen,B13
FA21-BSE-3-B,Introduction to Software Engineering,4,10000,CS Ms. Aniqa Khawar,C Lab2
FA21-BSE-3-C,Data Communication and Computer Networks,4,10,EE Mr Asif Imran,C3
FA21-BSE-3-C,Data Communication and Computer Networks,4,100,EE Mr Asif Imran,C5
SP22-BSE-2-A,Programming Fundamentals,4,1000,CS Mr. Syed Ameer Ahmed,C3
FA22-BSE-1-A,Applied Physics for Engineers,4,10000,EE Ms Amna,W2
FA22-BSE-1-B,Introduction to the ICT,4,10,EE Mr Asim Noon,C Lab2
FA22-BSE-1-B,Applied Physics for Engineers,4,1000,EE Ms Nayab,PhyLab
FA22-BSEE-B11A,Applied Physics for Engineers,4,10000,EE Ms Sabeen,A1.1
FA22-BSEE-B11A,Calculus and Analytical Geometry,4,10,EE Ms Maham,A1.1
FA22-BSEE-B11A,English Comprehension and Composition,4,1000,EE Dr Talha Younas,A1.2
FA21-BSEE-B10A,Electric Circuits Analysis II,4,1000,EE Dr Aftab,A2.1
FA21-BSEE-B10A,Electronics I,4,10,EE Dr Saeeda Usman,A2.1
FA21-BSEE-B10A,Object Oriented Programming,4,10000,EE Mr Munawar,C lab5
FA20-BSEE-B9A,Principles of Communication Systems,4,100,EE Dr Saqlain,A3
FA20-BSEE-B9A,Control Systems,4,1000,EE Ms Rida,Cisco Lab
FA20-BSEE-B9A,Microprocessor Systems and Interfacing,4,10,EE Ms Rida,DigitalLab
FA19-BSEE-B8A,Numerical Computations,4,10000,EE Ms Rida,DigitalLab
FA22-BBA-B31,Introduction to Management,4,10000,MS Mr Ali Kirmani,B5
FA22-BBA-B31,Introduction to Computing,4,1000,MS Mr Hasan Rafiq,MS Lab
SP22-BBA-B30,Macro Economics,4,100,MS Ms Zunaira,B4
SP22-BBA-B30,Fundamentals of Marketing,4,1000,MS Dr Binesh,B12
SP22-BBA-B30,Macro Economics,4,10,MS Ms Zunaira,B13
FA21-BBA-B29,Business Mathematics II,4,10000,MT Dr Amar Rauf,B14
SP21-BBA-B28,Marketing Management,4,10000,MS Dr Junaid,B10
SP21-BBA-B28,Financial Management,4,100,MS Mr Shoaib Sajjad,B10
SP21-BBA-B28,HRM & CHRP,4,10,MS Mr Shoaib Bajwa,B11
SP21-BBA-B28,Financial Management,4,1000,MS Mr Shoaib Sajjad,B11
FA20-BBA-B27-A),HRD,4,1000,MS Dr Asrar ul Haq,B1
FA20-BBA-B27-A),IFA,4,1000,MS Mr Bilal Lodhi,B3
FA20-BBA-B27-A),HRD,4,100,MS Dr Asrar ul Haq,B5
FA20-BBA-B27-A),SSRM,4,1100,MS Dr Rahib,B8
FA20-BBA-B27-B),HRD,4,1000,MS Dr Asrar ul Haq,B1
FA20-BBA-B27-B),IFA,4,1000,MS Mr Bilal Lodhi,B3
FA20-BBA-B27-B),HRD,4,100,MS Dr Asrar ul Haq,B5
FA20-BBA-B27-B),SSRM,4,1100,MS Dr Rahib,B8
FA20-BBA-B27-B),E-Commerce,4,10,MS Mr Moazzam,MS Lab
SP20-BBA-B26,HRD,4,1000,MS Dr Asrar ul Haq,B1
SP20-BBA-B26,Business Law,4,10000,MS Dr Khurram,B3
SP20-BBA-B26,IFA,4,1000,MS Mr Bilal Lodhi,B3
SP20-BBA-B26,HRD,4,100,MS Dr Asrar ul Haq,B5
SP20-BBA-B26,SSRM,4,1100,MS Dr Rahib,B8
SP20-BBA-B26,Introduction to Sociology,4,10,MS Mr Zia Hassan,B9
FA19-BBA-B25,Corporate Governance,4,10,MS Mr Ali Kirmani,B4
FA19-BBA-B25,Corporate Law,4,10000,MS Mr Suhail Qureshi,B7
FA19-BBA-B25,AFM,4,100,MS Mr Bilal Lodhi,B9
SP19-BBA-B24,Project Management,4,10,MS Mr Haris,B5
SP19-BBA-B24,SSRM,4,1100,MS Dr Rahib,B8
SP19-BBA-B24,Project Management,4,10000,MS Mr Haris,B8
SP19-BBA-B24,AFM,4,100,MS Mr Bilal Lodhi,B9
SP21-BAF-B10,IFA,4,1000,MS Mr Bilal Lodhi,B3
SP21-BAF-B10,Corporate Law,4,10000,MS Mr Suhail Qureshi,B7
FA20-BAF-B9,Corporate Finance,4,10000,MS Mr Shoaib Sajjad,B1
SP21-MBA-B2,SFM & ISP,4,10000,MS Dr QZ Malik,B4
SP21-MBA-B2,HRM & CHRP,4,10,MS Mr Shoaib Bajwa,B11
FA22-RMS-B16,Statistical Inference & Research Methodology,4,10,MS Dr HM Arshad,Seminar Room
FA22-RMS-B16,Advanced Marketing,4,1000,MS Dr Junaid,Seminar Room
FA22-RMS-B16,Finance Theory & Practice,4,100,MS Dr Khurram,Seminar Room
FA22-RMS-B16,Issues in Strategic Management,4,10000,MS Dr Muzhar,Seminar Room
SP22-RMS-B15,EMF,4,110,MS Mr Suhail Qureshi,B3
SP22-RMS-B15,SFM & ISP,4,10000,MS Dr QZ Malik,B4
SP22-RMS-B15,Advanced Topics in International Finance,4,1000,MS Dr Khurram,B6
FA22-BS(English)-B1,Introduction to Computing,4,1000,MS Mr Hasan Rafiq,MS Lab
SP22-RMT-6,Topology,5,1100,MT Dr Raza,C1.3
SP22-RMT-6,Elastodynamics,5,10000,MT Dr Sabir,C1.3
SP22-RMT-6,Advance topic in Graph theory,5,10,MT Dr Misbah,C1.4
FA22-RMT-7,Topology,5,1100,MT Dr Raza,C1.3
FA22-RMT-7,Elastodynamics,5,10000,MT Dr Sabir,C1.3
FA22-RMT-7,Advance topic in Graph theory,5,10,MT Dr Misbah,C1.4
FA22-BSCVE-B6,Calculus and Analytical Geometry,5,10,MT Dr Afshan,C1.1
FA22-BSCVE-B6,English Comprehension and Composition,5,1,CVE Saima Batool,B13
FA22-BSCVE-B6,Civil Engineering Drawing,5,1100,CVE Engr. Waqar Ahsan,Engineering Drawing Hall
FA22-BSCVE-B6,Applied Electricity and Electronics,5,10000,EE Mr Ahsan Maqsood,FYP Lab
FA21-BSCVE-B5,Professional Ethics,5,1,CVE Engr. Bilal Rafiq,A1
FA21-BSCVE-B5,Introduction to Architecture and Town Planning,5,100,CVE Engr. Shad Muhammad,A2.2
FA21-BSCVE-B5,Elementary Fluid Mechanics,5,10,CVE Engr. Dr. Ammar Ashraf,A2.2
FA21-BSCVE-B5,Soil Mechanics,5,1000,CVE Engr. Hiba Arshad,Getechnical Engineering Lab
FA21-BSCVE-B5,Plane Surveying,5,10000,CVE Engr. H. M. Sohaib Yasin,Survey Lab
FA20-BSCVE-B4,Properties of Concrete,5,10,CVE Engr. Fayyaz Ulhaq,C3
FA20-BSCVE-B4,Engineering Hydrology,5,1000,CVE Engr. Tafheem Abbas,C2.5
FA20-BSCVE-B4,Indeterminate Structural Analysis,5,100,CVE Engr. M. Yousaf Mushtaq,W3
FA19-BSCVE-B3,Final Year Project (Part I),5,1000,TBD,
FA19-BSCVE-B3,Elective-I (Geo-Informatics),5,10000,CVE Engr. Dr. Ammar Ashraf,C5
FA19-BSCVE-B3,Elective-I (Geo-Informatics),5,100,CVE Engr. Dr. Ammar Ashraf,A1
FA19-BSCVE-B3,Elective-I (Geo-Informatics),5,10,CVE Engr. H. M. Sohaib Yasin,Getechnical Engineering Lab
FA22-BS(BCHM)-B1,Introduction to Computing,5,10,EE Mr Amir Sabri,C lab5
FA21-BSBI-B25,Linux for Biological Sciences,5,10000,BI Ms Anum,C Lab1
SP21-BSBI-B24,Microbiology and Immunology,5,100,BI Dr Awais,C2.3
SP21-BSBI-B24,Introduction to Bioinformatics,5,10000,BI Dr Adnan,B1
SP21-BSBI-B24,Introduction to Management,5,1000,MS Mr Suhail Qureshi,B14
FA20-BSBI-B23,Biotechnolog,5,1000,BI Ms Tamsila,C2
FA20-BSBI-B23,Developmental Biology,5,1,BI Dr Hasan,C1.1
FA20-BSBI-B23,Bioinformatics Analysis,5,10000,BI Dr Qudsia,B3
FA20-BSBI-B23,Bioinformatics Analysis,5,100,BI Dr Qudsia,B5
FA20-BSBI-B23,Bioinformatics Database Development,5,10,BI Ms Hajira,C Lab1
SP20-BSBI-B22,Artificial Intelligence,5,10000,EE Mr Asif Imran,C2.2
SP20-BSBI-B22,Modern Programming Languages,5,100,EE Mr Munawar,A1.1
SP20-BSBI-B22,Artificial Intelligence,5,1,EE Mr Asif Imran,CAD CAM Lab
FA22-RBS,Advances in Molecular Biology,5,100,BI Dr Farrukh,C2
FA22-RBS,Trends in Genomics,5,1000,BI Dr Azhar,C2.3
FA22-RBS,Advances in Molecular Biology,5,10000,BI Dr Farrukh,C2.4
FA22-RBS,Developmental Biology,5,10,BI Dr Asif,B3
FA22-FSN-B9,Introduction to Food Sciences and Nutrition,5,100,BI Dr Adnan,C5
FA22-FSN-B9,Introduction to Computing,5,10000,EE Asad Ali Khan,CAD CAM Lab
SP22-FSN-B8,Cereal Science,5,1000,BI Dr Farrukh,C1.2
SP22-FSN-B8,Cereal Science,5,10000,BI Ms Areeba,Bio Lab
FA21-FSN-B7,Community Nutrition,5,100,BI Dr Abrar,A3
FA21-FSN-B7,Techniques in Food Processing and preservation,5,1000,BI Dr Nadeem,A3
FA21-FSN-B7,Nutritional Requirements at Different Ages,5,10000,BI Dr Shahzad Saleem,B6
SP21-FSN-B6,Minerals and Vitamins,5,10,BI Dr Hasan,C2.3
SP21-FSN-B6,Introduction to Management,5,1000,MS Mr Suhail Qureshi,B14
SP21-FSN-B6,Confectionery and Snack Food,5,10000,BI Ms Kanza,FSN Lab
FA20-FSN-B5-A,Inherited Nutrition Disorder,5,10000,BI Dr Zeshan,B11
FA20-FSN-B5-A,Food Process Engineering,5,1000,BI Ms Anusha,Bio Lab
FA20-FSN-B5-A,Poultry and egg processing,5,100,BI Mr Imran,Bio Lab
FA20-FSN-B5-A,Sensory Evaluation of Foods,5,10,BI Ms Kanza,FSN Lab
FA20-FSN-B5-B,Food Process Engineering,5,1000,ME Dr. Muneeb Qasim,C5
FA20-FSN-B5-B,Food Laws and Regulations,5,10,BI Dr Shahzad Saleem,A2.8
FA20-FSN-B5-B,Food Process Engineering,5,100,ME Dr. Muneeb Qasim,B6
SP20-FSN-B4,Community Nutrition,5,100,BI Dr Zeshan,C1
FA19-FSN-B3-A,Functional and Nutraceutical Foods,5,10,BI Mr Saad,C2.4
FA19-FSN-B3-A,Food Toxicology and Safety,5,10000,BI Dr Awais,A2.8
FA19-FSN-B3-A,Sugar and Beverage Technology,5,1000,BI Ms Kanza,FSN Lab
FA19-FSN-B3-B,Sugar and Beverage Technology,5,1000,BI Dr Wasim,A1.2
FA19-FSN-B3-B,Processing of Fruits and Vegetables,5,10000,BI Dr Asim,B9
FA19-FSN-B3-B,Processing of Fruits and Vegetables,5,10,BI Ms Areeba,Bio Lab
FA19-FSN-B3-B,Sugar and Beverage Technology,5,100,BI Ms Kanza,FSN Lab
FA22-BSME-B18-A,English Comprehension and Composition,5,10000,CVE Saima Batool,C1
FA22-BSME-B18-A,Introduction to Computer Programming,5,10,ME Dr. Muhammad Abid,B7
FA22-BSME-B18-A,Applied Physics for Mechanical Engineers,5,100,ME Mr. Jawad Abid,PhyLab
FA22-BSME-B18-A,Applied Physics for Mechanical Engineers,5,100,ME Mr. Ghulam Mustafa,PhyLab
FA21-BSME-B17-A,Mechanics of Materials I,5,100,ME Mr. Salman Nawaz,C1.1
FA21-BSME-B17-A,Engineering Dynamics,5,10,ME Mr. Hafeez Ahmad,A1.2
FA21-BSME-B17-A,Engineering Mechanics,5,10000,ME Mr. Ali Zahid,Mechanics Lab
FA21-BSME-B17-A,Engineering Mechanics,5,10000,ME Ms. Sara Batool,Mechanics Lab
FA20-BSME-B16-A,Electric Machines,5,10000,ME Ms. Saba Gull,Electric Machines Lab
FA20-BSME-B16-A,Electric Machines,5,10000,ME Mr. Zafar Farooq,Electric Machines Lab
FA19-BSME-B15-A,CAD  CAM (1hr),5,100,ME Mr. Khawar Hussain,A2.1
FA19-BSME-B15-A,CAD CAM,5,1000,ME Mr. Ali Zahid,CAD CAM Lab
FA19-BSME-B15-A,Heat Transfer and HVAC,5,10,ME Mr. Muhammad Naveed,HMT Lab
FA19-BSME-B15-A,Heat Transfer and HVAC,5,10,ME Mr. Yasir Raza,HMT Lab
FA19-BSME-B15-B,Air Conditioning and Refrigeration,5,10000,ME Mr. Hafeez Ahmad,A3
FA19-BSME-B15-B,Mechanical Vibrations,5,1000,ME Mr. Khawar Hussain,W1
FA22-RCS-1-A,Advance Operating System,5,10000,EE Dr Waqas,C4
FA22-RCS-1-A,Internet of Things Architecture and Protocols,5,10,CS Dr. Tariq Ali,C4
FA22-RCS-1-A,Advanced Algorithms Analysis,5,1000,CS Dr. Zafar Iqbal Roy,C4
FA22-RCS-1-A,Advanced Topics in Data Mining,5,100,CS Dr. Muhammad Azhar,C2.5
SP19-BCS-8-A,Electricity Magnetism and Optics,5,100,EE Mr Rao Kashif,FYP Lab
FA19-BCS-7-A,Artificial Intelligence,5,1000,CS Ms. Tahreem Saeed,C1
FA19-BCS-7-A,Human Computer Interaction,5,10,CS Ms. Raheela Shahzadi,C5
FA19-BCS-7-A,Computer Vision,5,10000,CS Ms. Raheela Shahzadi,C2.3
FA19-BCS-7-A,Artificial Intelligence,5,100,CS Ms. Zamzam Darwesh,Cisco Lab
FA19-BCS-7-B,Human Computer Interaction,5,100,CS Mr. Ali Sher Kashif,C2.4
FA19-BCS-7-B,Artificial Intelligence,5,10,CS Ms. Tahreem Saeed,B6
FA19-BCS-7-B,Human Computer Interaction,5,10000,CS Ms. Amina Hussain,MS Lab
FA19-BCS-7-B,Human Computer Interaction,5,1000,CS Ms. Amina Hussain,Cisco Lab
SP20-BCS-6-A,Automata Theory,5,10,CS Mr. Yawar Abbas Abid,C1.2
SP20-BCS-6-A,Automata Theory,5,10000,CS Mr. Yawar Abbas Abid,B10
SP20-BCS-6-A,Web Technologies,5,1000,CS Ms Zunaira Mustafa,C Lab2
SP20-BCS-6-B,Automata Theory,5,10,CS Mr. Yawar Abbas Abid,C1.2
SP20-BCS-6-B,Automata Theory,5,10000,CS Mr. Yawar Abbas Abid,B10
SP20-BCS-6-B,Web Technologies,5,1000,CS Ms Zunaira Mustafa,C Lab2
FA20-BCS-5-A,Operating Systems,5,10,CS Mr. Muhammad Umar,C2
FA20-BCS-5-A,Game Development,5,10000,CS Mr. Ali Sher Kashif,W1
FA20-BCS-5-A,Introduction to the ICT,5,100,EE Ms Rida,C lab5
FA20-BCS-5-A,Data Communication and Computer Networks,5,1000,EE Asad Ali Khan,C lab5
FA20-BCS-5-B,Computer Architecture,5,10000,EE Dr Saqib Saleem,C1.2
FA20-BCS-5-B,Software Design Methodologies,5,1000,CS Mr. Ahmad Shaf,C2.4
FA20-BCS-5-B,Operating Systems,5,10,CS Dr. Muhammad Shoaib,A3
FA20-BCS-5-B,Introduction to the ICT,5,100,EE Mr Asim Noon,C&ELab
FA20-BCS-5-C,Software Design Methodologies,5,1,CS Mr. Ahmad Shaf,C5
FA20-BCS-5-C,Data Communication and Computer Networks,5,1000,EE Ms Maham,A2.1
FA20-BCS-5-C,Introduction to the ICT,5,10,EE Dr Talha Younas,A2.1
FA20-BCS-5-C,Game Development,5,10000,CS Mr. Ali Sher Kashif,W1
FA20-BCS-5-C,Operating System,5,100,EE Mr Amir Sabri,C Lab4
SP21-BCS-4-A,Microprocessor and Assembly Language,5,10,EE Mr Maulan Yasin,C1.3
SP21-BCS-4-A,Database Systems I,5,10000,CS Mr. Tariq Rafiq,C2.5
SP21-BCS-4-A,Introduction to Management,5,1000,MS Dr Salman,B10
SP21-BCS-4-A,Microprocessor and Assembly Language,5,100,EE Mr Abdul Khaliq,C Lab2
SP21-BCS-4-B,Microprocessor and Assembly Language,5,10,EE Mr Maulan Yasin,C1.3
SP21-BCS-4-B,Introduction to Management,5,10000,MS Dr Salman,B12
SP21-BCS-4-B,Database Systems I,5,1000,CS Mr. Tariq Rafiq,W4
SP21-BCS-4-B,Microprocessor and Assembly Language,5,100,EE Mr Abdul Khaliq,C Lab2
FA21-BCS-3-B,Software Engineering Concepts,5,100,CS Mr. Muhammad Usman Nasir,B10
FA21-BCS-3-B,Object Oriented Programming,5,10000,CS Mr. Muhammad Jamshaid Iqbal,C Lab4
FA21-BCS-3-C,Calculus and Analytical Geometry,5,100,MT Dr Afshan,C1.4
FA21-BCS-3-C,Calculus and Analytical Geometry,5,10000,MT Dr Afshan,B14
FA21-BCS-3-C,Object Oriented Programming,5,10,CS Mr. Shahzad Ahmad,Cisco Lab
FA21-BCS-3-D,Object Oriented Programming,5,10000,CS Mr. Syed Nasir Mehdi,A1
FA21-BCS-3-D,Calculus and Analytical Geometry,5,1000,MT Dr Afshan,W2
SP22-BCS-2-A,Digital Logic Design,5,10000,EE Dr Musab,C3
SP22-BCS-2-A,Discrete Structures,5,100,MT Ms Sana,W1
SP22-BCS-2-B,Programming Fundamentals,5,1000,CS Dr. Javed Ferzund,C1.4
SP22-BCS-2-C,Introduction to Business,5,10000,MS Ms Abida Parveen,B5
SP22-BCS-2-C,Calculus-I,5,100,MT Dr Sami Ullah,W2
SP22-BCS-2-C,Programming Fundamentals,5,10,CS Mr Osama Ahmad,C Lab3
SP22-BCS-2-D,Discrete Structures,5,10,MT Mr Omer,C2.5
SP22-BCS-2-D,Programming Fundamentals,5,100,CS Mr Osama Ahmad,C Lab1
SP22-BCS-2-D,Digital Logic Design,5,1000,EE Mr Ahsan Maqsood,DLD Lab
FA22-BCS-1-A,ECC,5,1000,CVE Saima Batool,B4
FA22-BCS-1-B,Introduction to the ICT,5,10,EE Mr Abdul Khaliq,CAD CAM Lab
FA22-BCS-1-C,Introduction to the ICT,5,1000,EE Mr Abdul Khaliq,C Lab4
FA22-BCS-1-C,Applied Physics for Engineers,5,10,EE Mr Rao Kashif,PhyLab
FA22-BCS-1-D,ECC,5,1000,MS Ms Abida Parveen,B13
FA22-BCS-1-D,Introduction to the ICT,5,10000,EE Mr Usman Nasim,Cisco Lab
SP19-BSE-8-A,Numerical Computations,5,100,MT Dr Nauman,C1.2
FA19-BSE-7-A,Software Project Management,5,1000,CS Ms. Mubeen Javed,C3
FA19-BSE-7-A,Computer Vision,5,100,CS Mr. Syed Ameer Ahmed,C4
FA19-BSE-7-B,Computer Vision,5,10000,CS Dr. Muhammad Shoaib,C1.4
FA19-BSE-7-B,Human Computer Interaction,5,1000,CS Ms. Raheela Shahzadi,C Lab3
FA19-BSE-7-B,Software Project Management,5,100,CS Ms. Aniqa Khawar,CAD CAM Lab
SP20-BSE-6-A,Formal Methods,5,10000,CS Ms. Tahreem Saeed,A1.2
FA20-BSE-5-A,Design Patterns,5,10,CS Dr. Muhammad Farhan,C1
FA20-BSE-5-A,Software Requirement Engineering,5,10000,CS Ms. Madiha Fatima,C2
FA20-BSE-5-A,Web Technologies,5,100,CS Ms. Syda Fatima,C3
FA20-BSE-5-A,Operating System concepts,5,1000,CS Mr. Muhammad Umar,C1.1
FA20-BSE-5-A,Design Patterns,5,1,CS Mr. Muhammad Jamshaid Iqbal,C Lab4
FA20-BSE-5-B,Introduction to Business,5,1000,MS Ms Sadaf Noor,B3
FA20-BSE-5-B,Web Technologies,5,10,CS Ms. Syda Fatima,B14
FA20-BSE-5-B,Web Technologies,5,100,CS Mr. Muhammad Aamir,C Lab3
FA20-BSE-5-C,Introduction to Business,5,10000,MS Mr Haris,B7
FA20-BSE-5-C,Introduction to Business,5,100,MS Mr Haris,B9
SP21-BSE-4-A,Object Oriented Software Engineering,5,10000,CS Ms. Uzma Latif,C1.1
SP21-BSE-4-A,Multivariable Calculus,5,100,MT Dr Amar Rauf,C2.2
SP21-BSE-4-A,Database Systems I,5,1000,CS Mr. Shahzad Ahmad,C Lab1
SP21-BSE-4-A,Object Oriented Software Engineering,5,11,CS Ms. Uzma Latif,C Lab2
FA21-BSE-3-A,Data Communication and Computer Networks,5,1,EE Asad Ali Khan,A2.2
FA21-BSE-3-A,Introduction to Software Engineering,5,10,CS Ms. Aniqa Khawar,C Lab4
FA21-BSE-3-A,Object Oriented Programming,5,100,CS Mr. Shahzad Ahmad,MS Lab
FA21-BSE-3-B,Object Oriented Programming,5,10,CS Mr. Syed Nasir Mehdi,C2.2
FA21-BSE-3-B,Object Oriented Programming,5,1000,CS Mr. Syed Nasir Mehdi,A2.2
FA21-BSE-3-B,Data Communication and Computer Networks,5,1,EE Asad Ali Khan,A2.2
FA21-BSE-3-B,Introduction to Software Engineering,5,10000,CS Ms. Aniqa Khawar,C Lab2
FA21-BSE-3-C,Introduction to Software Engineering,5,100,CS Mr. Muhammad Ahmad,A1.2
FA21-BSE-3-C,Introduction to Software Engineering,5,10000,CS Mr. Muhammad Ahmad,A2.2
FA21-BSE-3-C,Calculus and Analytical Geometry,5,1000,MT Ms Shaheen,B11
SP22-BSE-2-A,Professional Practics for IT,5,1000,EE Mr Hafiz Zeeshan,C2.2
SP22-BSE-2-A,Programming Fundamentals,5,10000,EE Mr Abdul Khaliq,C lab5
SP22-BSE-2-A,Introduction to Software Engineering,5,1,CS Ms Azka,C lab5
FA22-BSE-1-A,Applied Physics for Engineers,5,1000,EE Ms Amna,A1.3
FA22-BSE-1-A,English Comprehension and Composition,5,10000,VS Ms Madeeha Dastageer,B8
FA22-BSE-1-B,Introduction to the ICT,5,10000,EE Dr Ghulam Farid,A2.1
FA22-BSE-1-B,Introduction to the ICT,5,10,EE Mr Asim Noon,MS Lab
FA22-BSE-1-B,Applied Physics for Engineers,5,1000,EE Ms Nayab,PhyLab
FA21-BSEE-B10A,Entrepreneurship,5,10010,EE Mr Hafiz Zeeshan,A1.1
FA20-BSEE-B9A,Introduction to Power Engineering,5,1000,EE Mr Khalid Majeed,A1.1
FA20-BSEE-B9A,Introduction to Power Engineering,5,10000,EE Mr Khalid Majeed,A1.3
FA20-BSEE-B9A,Microprocessor Systems and Interfacing,5,10,EE Ms Rida,DigitalLab
FA19-BSEE-B8A,Real Time Embedded Systems,5,10,EE Dr Ghulam Farid,B9
FA21-BBA-B29,Business Mathematics II,5,1000,MT Dr Amar Rauf,B5
SP21-BBA-B28,HRM & CHRP,5,100,MS Mr Shoaib Bajwa,B11
FA20-BBA-B27-A),POM,5,10,MS Mr Haris,B4
FA20-BBA-B27-A),RTT,5,100,MS Dr HM Arshad,B12
FA20-BBA-B27-B),E-Commerce,5,100,MS Mr Moazzam,B7
FA20-BBA-B27-B),E-Commerce,5,1000,MS Mr Moazzam,B9
SP20-BBA-B26,Introduction to Sociology,5,1000,MS Mr Zia Hassan,B8
SP20-BBA-B26,GBM,5,10000,MS Mr Shoaib Bajwa,B13
FA19-BBA-B25,IMC,5,1000,MS Dr Rahib,B1
FA19-BBA-B25,SFM & SiM,5,100,MS Dr Waqas,B3
FA19-BBA-B25,DPF,5,100,MS Dr Anees,B4
FA19-BBA-B25,DPF,5,1000,MS Dr Anees,B12
SP19-BBA-B24,IMC,5,1000,MS Dr Rahib,B1
SP19-BBA-B24,SFM & SiM,5,100,MS Dr Waqas,B3
SP19-BBA-B24,DPF,5,100,MS Dr Anees,B4
SP19-BBA-B24,SHRM,5,1000,MS Dr Asrar ul Haq,B7
SP19-BBA-B24,DPF,5,1000,MS Dr Anees,B12
SP21-BAF-B10,GBM,5,10000,MS Mr Shoaib Bajwa,B13
FA21-MBA-B3,FMI & ATFIM,5,110,MS Dr Minhas,B1
SP21-MBA-B2,FMI & ATFIM,5,110,MS Dr Minhas,B1
SP21-MBA-B2,IMC,5,1000,MS Dr Rahib,B1
SP21-MBA-B2,SFM & ISP,5,10000,MS Dr QZ Malik,B4
SP21-MBA-B2,HRM & CHRP,5,100,MS Mr Shoaib Bajwa,B11
FA22-RMS-B16,Statistical Inference & Research Methodology,5,10,MS Dr HM Arshad,Seminar Room
FA22-RMS-B16,Advanced Marketing,5,1000,MS Dr Junaid,Seminar Room
FA22-RMS-B16,Finance Theory & Practice,5,100,MS Dr Khurram,Seminar Room
FA22-RMS-B16,Issues in Strategic Management,5,10000,MS Dr Muzhar,Seminar Room
SP22-RMS-B15,FMI & ATFIM,5,110,MS Dr Minhas,B1
SP22-RMS-B15,IMC,5,1000,MS Dr Rahib,B1
SP22-RMS-B15,SFM & SiM,5,100,MS Dr Waqas,B3
SP22-RMS-B15,SFM & ISP,5,10000,MS Dr QZ Malik,B4
SP22-RMS-B15,Advanced Topics in International Finance,5,1000,MS Dr Khurram,B6
